flight_id,flight_number,origin_airport_id,destination_airport_id,airline_id,plane_id
385af40f,,FVRG,FVFA,FJW,E145
385b2e14,A46069,UNOO,UWUU,AZO,SU95
385baa85,FX9887,KMEM,PANC,FDX,B77L
385c1e68,ET506,HAAB,SBGR,ETH,B77L
385c3e91,DL201,FAOR,KATL,DAL,A359
385c6eee,QF4,KJFK,NZAA,QFA,B789
385c905b,QR920,OTHH,NZAA,QTR,A35K
385cac08,DL9887,FAOR,KATL,DAL,A359
385cbc7a,OZ203,KLAX,RKSI,AAR,A359
385cbeea,B6740,TAPA,KJFK,JBU,A320
385cc3cb,AC79,OMDB,CYVR,ACA,B789
385cc447,UA842,YSSY,KLAX,UAL,B789
385cc648,CX257,VHHH,EGLL,CPA,A359
385cc6c1,AA2317,KDCA,KRDU,AAL,A319
385ccc99,EK216,KLAX,OMDB,UAE,A388
385ccef8,QR731,OTHH,KDFW,QTR,B77L
385cd187,EK213,OMDB,KMIA,UAE,B77W
385cd2b3,FX903,KMEM,KOAK,FDX,MD11
385cd64b,QR703,OTHH,KJFK,QTR,B77W
385cd718,QR781,OTHH,KMIA,QTR,A35K
385cd991,EK221,OMDB,KDFW,UAE,B77W
385cdbe7,LY5,LLBG,KLAX,ELY,B789
385cde81,TW401,RKSI,LFPG,TWB,A332
385cdfd2,UX121,LEMD,SACO,AEA,B789
385ce253,TW403,RKSI,EDDF,TWB,A332
385ce5ab,KE35,RKSI,KATL,KAL,B748
385ce690,EK219,OMDB,KMCO,UAE,B77W
385ceaeb,QR740,KLAX,OTHH,QTR,A35K
385cee54,AA8,YBBN,KDFW,AAL,B789
385cef0b,LH8401,ZSPD,EDDF,GEC,B77L
385cef44,DL158,RKSI,KDTW,DAL,A359
385cf331,MU771,ZSPD,EHAM,CES,B77W
385cf332,NZ288,ZSPD,NZAA,ANZ,B789
385cf35c,AC50,CYUL,VIDP,ACA,B789
385cf5ee,AA177,KJFK,KSFO,AAL,A321
385cf698,EK226,KSFO,OMDB,UAE,A388
385cfd7a,KE37,RKSI,KORD,KAL,B77W
385cfdb5,KE73,RKSI,CYYZ,KAL,B77W
385cfe0a,KE9232,KORD,RKSI,KAL,B77L
385cfe0f,EY9,OMAA,KORD,ETD,A35K
385cffd6,K4614,KCVG,RKSI,CKS,B744
385d0067,CI5115,KLAX,RCTP,CAL,B77L
385d01cd,OZ541,RKSI,EDDF,AAR,A359
385d01e7,EK230,KSEA,OMDB,UAE,B77W
385d03b8,AF281,RJTT,LFPG,AFR,B77W
385d03fc,UA2,WSSS,KSFO,UAL,B789
385d053c,KE969,RKSI,LKPR,KAL,B789
385d09bd,EK212,KIAH,OMDB,UAE,A388
385d09cd,KE91,RKSI,KBOS,KAL,B77W
385d0e64,AM57,RJAA,MMMX,AMX,B789
385d0f42,TW407,RKSI,LEBL,TWB,A332
385d0f97,QR778,KMIA,OTHH,QTR,A35K
385d0fc6,QR756,KATL,OTHH,QTR,A35K
385d10bf,CI81,RCTP,EGLL,CAL,A359
385d10f0,QR714,KIAH,OTHH,QTR,A35K
385d11b4,AI185,VIDP,CYVR,AIC,B77W
385d1424,UA99,YMML,KLAX,UAL,B789
385d1630,BA8,RJTT,EGLL,BAW,B789
385d182d,QF7,YSSY,KDFW,QFA,B789
385d1976,DL40,YSSY,KLAX,DAL,A359
385d1a75,JL43,RJTT,EGLL,JAL,B77W
385d1ab6,TK51,RJAA,LTFM,THY,B789
385d1ac4,AA292,KJFK,VIDP,AAL,B789
385d1b27,NH215,RJTT,LFPG,ANA,B789
385d1c7b,CZ438,KORD,ZSPD,CSN,B77L
385d1dd2,DL2917,KLGA,KORD,DAL,BCS3
385d1e47,AC42,CYYZ,VIDP,ACA,B77L
385d1efa,AF267,RKSI,LFPG,AFR,A359
385d1f0b,SQ308,WSSS,EGLL,SIA,A388
385d1fca,OZ222,RKSI,KJFK,AAR,A359
385d2025,AC34,YSSY,CYVR,ACA,B77L
385d2039,AM91,RKSI,MMMX,AMX,B788
385d2046,KE281,RKSI,CYYZ,KAL,B77L
385d2088,NH211,RJTT,EGLL,ANA,B77W
385d2123,LX189,ZSPD,LSZH,SWR,A343
385d23b1,3S517,VHHH,EDDP,DHK,B77L
385d23b8,AC36,YBBN,CYVR,ACA,B789
385d246b,QR726,KORD,OTHH,QTR,B77W
385d2532,CA897,ZBAA,LEMD,CCA,B789
385d253c,KE81,RKSI,KJFK,KAL,B748
385d2572,QR708,KIAD,OTHH,QTR,B77W
385d25c7,DE2369,VTSP,EDDF,CFG,A339
385d2715,AC46,CYYZ,VABB,ACA,B789
385d283b,5Y4541,KLAX,ZSQD,GTI,B744
385d290c,SQ32,WSSS,KSFO,SIA,A359
385d291f,MF849,ZSFZ,KJFK,CXA,B789
385d295f,CX126,NZCH,VHHH,CPA,A35K
385d2b03,KE93,RKSI,KIAD,KAL,B77W
385d2b38,EK220,KMCO,OMDB,UAE,B77W
385d2b99,EK236,KORD,OMDB,UAE,B77W
385d2bf8,QF27,YSSY,SCEL,QFA,B789
385d2d67,UA1122,KEWR,FACT,UAL,B789
385d2fd8,NH223,RJTT,EDDF,ANA,B789
385d2fe3,OZ501,RKSI,LFPG,AAR,A359
385d3080,KE31,RKSI,KDFW,KAL,B789
385d3085,JL407,RJAA,EDDF,JAL,B789
385d30b9,NH102,RJTT,KIAD,ANA,B788
385d30eb,UA190,RPLL,KSFO,UAL,B77W
385d31a6,LH715,RJTT,EDDM,DLH,A359
385d31a8,QR768,CYYZ,OTHH,QTR,B77W
385d344e,FX5432,KMEM,PANC,FDX,B77L
385d34ef,AA7,KDFW,YBBN,AAL,B789
385d352e,KL898,ZBAA,EHAM,KLM,B789
385d3634,KE907,RKSI,EGLL,KAL,B77W
385d3691,CI5311,PANC,RCTP,CAL,B77L
385d36e8,EY867,ZSPD,OMAA,ETD,B789
385d3706,DL64,NZAA,KLAX,DAL,A359
385d373a,UA830,YSSY,KSFO,UAL,B77W
385d38fd,CA877,ZBAA,EKCH,CCA,A359
385d3923,AM25,MMMX,EHAM,AMX,B788
385d3938,AR1140,SAEZ,LIRF,ARG,A332
385d39a6,LH719,RKSI,EDDM,DLH,A359
385d39ff,UA61,YMML,KSFO,UAL,B789
385d3a4e,NZ5,KLAX,NZAA,ANZ,B77W
385d3a58,JL6,RJTT,KJFK,JAL,A35K
385d3a7c,CX830,VHHH,KJFK,CPA,B77W
385d3a99,AC66,VTBS,CYVR,ACA,B789
385d3b37,LA810,YSSY,SCEL,LAN,B789
385d3b49,AF411,SAEZ,LFPG,AFR,B789
385d3b4a,UA97,YBBN,KSFO,UAL,B772
385d3b6c,QR8080,KIAH,OTHH,QTR,B77L
385d3bb1,QF93,YMML,KLAX,QFA,A388
385d3d10,AZ793,RJTT,LIRF,ITY,A359
385d3d41,MU533,ZSPD,EGLL,CES,B77W
385d401e,UA188,KEWR,FAOR,UAL,B789
385d4038,EK3,OMDB,EGLL,UAE,A388
385d40d7,QR702,KJFK,OTHH,QTR,B77W
385d40ee,QF94,KLAX,YMML,QFA,B789
385d418c,JL10,RJTT,KORD,JAL,B77W
385d425a,PR654,RPLL,OERK,PAL,A333
385d4261,UA101,KIAH,YSSY,UAL,B789
385d4331,LA8086,SBGR,KLAX,LAN,B789
385d437e,DL200,KATL,FAOR,DAL,A359
385d43bc,TK185,LTFM,KORD,THY,B789
385d441c,SQ7434,RJGG,KCVG,DHK,B77L
385d442a,UA862,VHHH,KSFO,UAL,B77W
385d448e,QF8,KDFW,YSSY,QFA,B789
385d44e5,AM7,MMMX,EGLL,AMX,B789
385d454b,QF22,KDFW,YMML,QFA,B789
385d45be,NZ23,CYVR,NZAA,ANZ,B789
385d460e,LO6672,WMKL,EPWA,LOT,B789
385d467b,NZ29,KIAH,NZAA,ANZ,B77W
385d4685,QR777,OTHH,KMIA,QTR,A35K
385d46f5,B6289,KJFK,KSAN,JBU,A321
385d471a,NH110,RJTT,KJFK,ANA,B77W
385d471b,MH4,WMKK,EGLL,MAS,A359
385d479c,LA8070,SBGR,EDDF,LAN,B77W
385d47d6,CZ673,ZBAD,EGLL,CSN,A359
385d4994,AC56,CYYZ,OMDB,ACA,B789
385d4a4a,WN573,KLGA,KDAL,SWA,B38M
385d4a7d,AA82,NZAA,KLAX,AAL,B788
385d4aa2,EY6,KIAD,OMAA,ETD,B789
385d4aab,LH729,ZSPD,EDDF,DLH,B744
385d4aaf,UA164,KEWR,OMDB,UAL,B772
385d4b6a,BRS2902,SBGL,ESKN,BRS,A332
385d4b8a,CK205,ZSPD,EHAM,CKK,B77L
385d4c24,CT101,EBLG,ZSHC,,B744
385d4c29,TK904,MPTO,LTFM,THY,B789
385d4c5e,TK192,KDFW,LTFM,THY,B789
385d4cb6,K4624,KLAX,RKSI,CKS,B744
385d4cb7,AA120,KPHL,OTHH,AAL,B789
385d4d04,DL2652,KBDL,KATL,DAL,A321
385d4d4a,OS76,ZSPD,LOWW,AUA,B772
385d4df4,TK34,KIAH,LTFM,THY,B789
385d4df7,QR921,NZAA,OTHH,QTR,A35K
385d4e26,TK10,KLAX,LTFM,THY,B77W
385d4fd6,LA602,SCEL,KLAX,LAN,B789
385d50a4,IB282,RJAA,LEMD,IBE,A359
385d50b8,CX828,VHHH,CYYZ,CPA,A35K
385d511f,CI11,KJFK,RCTP,CAL,B77W
385d5129,UA872,RCTP,KSFO,UAL,B77W
385d525e,IB2624,KLAX,LEBL,LVL,A332
385d52a6,5Y595,PANC,ZSHC,GTI,B77L
385d5342,DL27,KATL,RKSI,DAL,A359
385d53d6,AM70,MMMX,LIRF,AMX,B788
385d5407,SQ326,WSSS,EDDF,SIA,A388
385d5411,AR1132,SAEZ,LEMD,ARG,A332
385d54d1,AF483,SPJC,LFPG,AFR,B772
385d550e,EY4,KJFK,OMAA,ETD,B789
385d558b,CV6941,KIAH,ELLX,CLX,B744
385d55cb,TK204,KSEA,LTFM,THY,A359
385d55f8,MU269,ZSPD,OERK,CES,A332
385d565e,UQ2572,ZHHH,ZWWW,CUH,B738
385d56ae,LX161,RJAA,LSZH,SWR,B77W
385d56be,MU545,ZSPD,WSSS,CES,A332
385d56d7,CSG2573,ZGGG,EHAM,CSG,B77L
385d57a4,SQ23,KJFK,WSSS,SIA,A359
385d57eb,UA916,NZAA,KSFO,UAL,B772
385d58bc,EK238,KBOS,OMDB,UAE,B77W
385d58df,LA8084,SBGR,EGLL,LAN,B77W
385d58f1,LH499,MMMX,EDDF,DLH,B748
385d593a,PR684,RPLL,OTHH,PAL,A333
385d5a0f,TK202,KDEN,LTFM,THY,A359
385d5b8e,KE901,RKSI,LFPG,KAL,B77W
385d5c42,TK80,KSFO,LTFM,THY,B789
385d5c71,BR651,PANC,RCTP,EVA,B77L
385d5cc3,TK12,KJFK,LTFM,THY,B77W
385d5d82,LX41,KLAX,LSZH,SWR,B77W
385d5db5,TK78,KMIA,LTFM,THY,B77W
385d5e04,BA168,ZSPD,EGLL,BAW,B789
385d5e3e,AA440,KALB,KCLT,AAL,A319
385d5ec8,LA801,SCEL,NZAA,LAN,B789
385d5ee6,BR6,RCTP,KLAX,EVA,B77W
385d5f9f,CA935,ZSPD,EDDF,CCA,A359
385d5fca,OZ521,RKSI,EGLL,AAR,A359
385d6052,KE927,RKSI,LIMC,KAL,B77W
385d6080,PR112,RPLL,KLAX,PAL,B77W
385d60b3,ET3711,EBLG,FAOR,ETH,B77L
385d6197,WN1277,KMIA,KDEN,SWA,B38M
385d621e,OZ281,KLAX,RKSI,AAR,B744
385d6224,AY152,VTSP,EFHK,FIN,A359
385d6262,DE2125,MMSD,EDDF,CFG,A339
385d63f7,SQ35,KLAX,WSSS,SIA,A359
385d6404,KE961,RKSI,LHBP,KAL,B789
385d64ce,I98867,ZGSZ,EDDP,DHK,B77L
385d6506,NZ3,KLAX,NZAA,ANZ,B77W
385d6519,KL896,ZSPD,EHAM,KLM,B772
385d6520,NZ7,KSFO,NZAA,ANZ,B789
385d6593,KL686,MMMX,EHAM,KLM,B789
385d65c4,LA2484,SPJC,LEMD,LAN,B788
385d66ad,GF125,ZSPD,OBBI,GFA,B789
385d6768,QF12,KLAX,YSSY,QFA,A388
385d67dd,DL1368,KJFK,KMSY,DAL,A319
385d683f,FX5236,PANC,RKSI,FDX,B77L
385d68f5,KE951,RKSI,OMDB,KAL,B789
385d6a48,QF16,KLAX,YBBN,QFA,A332
385d6a54,TK21,RKSI,LTFM,THY,B77W
385d6aba,G41314,KSFB,KRFD,AAY,A319
385d6b63,EK202,KJFK,OMDB,UAE,A388
385d6c52,SQ33,KSFO,WSSS,SIA,A359
385d6c81,AF647,FMEE,LFPG,AFR,B77W
385d6cb6,DE2315,FIMP,EDDF,CFG,A339
385d6cca,EK775,OMDB,FALE,UAE,B77W
385d6d00,AA1384,KBDL,KORD,AAL,B738
385d6d3a,TK264,LTFM,RPLL,THY,A359
385d6e72,QF74,KSFO,YSSY,QFA,B789
385d6f24,EK247,OMDB,SBGL,UAE,B77W
385d6f82,BF703,FMEE,LFPO,FBU,A359
385d6f9b,CX883,KLAX,VHHH,CPA,B77W
385d6fb7,SQ24,WSSS,KJFK,SIA,A359
385d6fd3,EK262,SBGR,OMDB,UAE,A388
385d7011,MU207,ZSPD,CYYZ,CES,B77W
385d7096,AC92,CYYZ,SCEL,ACA,B788
385d7118,MF811,ZSAM,EHAM,CXA,B789
385d712c,HU7938,LKPR,ZBAA,CHH,A333
385d7138,AI180,KSFO,VABB,AIC,B77L
385d7152,QR774,SBGR,OTHH,QTR,A35K
385d7219,HO1667,ZHCC,LIMC,DKH,B789
385d723c,YP101,RKSI,KLAX,APZ,B789
385d72ae,EK215,OMDB,KLAX,UAE,A388
385d72c0,FM897,ZSNB,LHBP,CSH,B789
385d7363,EK201,OMDB,KJFK,UAE,A388
385d7394,PU972,SVMG,EPWA,PUE,A332
385d73e8,KL862,RJAA,EHAM,KLM,B772
385d743a,DL276,RJTT,KDTW,DAL,A359
385d7463,BA286,KSFO,EGLL,BAW,B77W
385d748b,AF199,VTBS,LFPG,AFR,B77W
385d75b0,KE12,KLAX,RKSI,KAL,B748
385d7610,EK237,OMDB,KBOS,UAE,B77W
385d766c,AA35,KDFW,NZAA,AAL,B789
385d769c,LY9,LLBG,KJFK,ELY,B788
385d76ee,QR755,OTHH,KATL,QTR,A35K
385d7741,AY2,KLAX,EFHK,FIN,A359
385d77b4,EK210,KEWR,LGAV,UAE,B77W
385d7831,CZ496,EHAM,ZSPD,CSN,B77L
385d7836,QR743,OTHH,KBOS,QTR,A359
385d7877,QR732,KDFW,OTHH,QTR,B77L
385d78b8,K4216,KCVG,RKSI,DHK,B77L
385d7935,SQ318,WSSS,EGLL,SIA,B77W
385d7a2f,JL3,KJFK,RJTT,JAL,A35K
385d7a4d,MX536,KBDL,KRSW,MXY,BCS3
385d7a4f,AV229,LFPG,SKBO,AVA,B788
385d7a96,CZ307,ZGGG,EHAM,CSN,A359
385d7ac5,DE2501,OMDB,EDDB,CFG,A20N
385d7ae1,MU712,YSSY,ZSHC,CES,A332
385d7b54,QR739,OTHH,KLAX,QTR,A35K
385d7b75,UL605,YMML,VCBI,ALK,A333
385d7b7e,TK6,KORD,LTFM,THY,B77W
385d7bb4,BR11,KLAX,RCTP,EVA,B77W
385d7bf2,2W8622,VVPQ,LTFM,WFL,A333
385d7bfc,EO3484,VTSP,ULLI,KAR,B772
385d7c08,AF423,SKBO,LFPG,AFR,A359
385d7c69,3S530,EDDP,WSSS,BOX,B77L
385d7d0b,AZ759,VTBS,LIRF,ITY,A339
385d7d15,BR693,PANC,RCTP,EVA,B77L
385d7d81,KE955,RKSI,LTFM,KAL,B77W
385d7dc3,MU787,ZSPD,LIRF,CES,A359
385d7e6a,KE931,RKSI,LIRF,KAL,B77W
385d7e87,KE41,RKSI,KSEA,KAL,B77W
385d7ed3,AI190,CYYZ,VIDP,AIC,B77L
385d7ede,ET507,SBGR,HAAB,ETH,B77L
385d8008,AF195,VTBS,LFPG,AFR,B772
385d8036,AM90,MMMY,RKSI,AMX,B788
385d805f,QR725,OTHH,KORD,QTR,B77W
385d807f,AA136,KLAX,EGLL,AAL,B772
385d8097,AA121,OTHH,KPHL,AAL,B789
385d80f8,N4551,UUEE,MUCC,NWS,B772
385d8142,CA855,ZBAA,EGLL,CCA,A359
385d816a,QR773,OTHH,SBGR,QTR,A35K
385d8175,LH459,KSFO,EDDM,DLH,A359
385d8214,DL41,KLAX,YSSY,DAL,A359
385d8224,JT110,WIII,OEJN,KNE,A333
385d822c,VS156,KLAS,EGLL,VIR,B789
385d823a,SU275,VTSP,UUEE,AFL,B77W
385d825e,QR729,OTHH,KDFW,QTR,A35K
385d8276,EK770,OMDB,FACT,UAE,B77W
385d8296,QR737,OTHH,KSFO,QTR,A35K
385d82b8,AI309,YMML,VIDP,AIC,B788
385d82dc,3S570,EDDP,ZSPD,BOX,B77L
385d82f9,BR35,CYYZ,RCTP,EVA,B77W
385d830d,CA997,ZBAA,CYVR,CCA,B77W
385d83e6,QR719,OTHH,KSEA,QTR,B77W
385d843e,OS46,VRMM,LOWW,AUA,B772
385d8446,SU293,VVTS,UUEE,AFL,A359
385d8466,NH8402,RJAA,KORD,ANA,B77L
385d849f,JT104,WARR,OEJN,KNE,A339
385d84d1,SQ288,NZAA,WSSS,SIA,A359
385d84dd,KL844,VTBS,EHAM,KLM,B77W
385d8507,O3186,EBLG,ZHEC,CSS,B744
385d8540,AF175,MMMX,LFPG,AFR,A359
385d8580,EI68,KLAX,EIDW,EIN,A333
385d85da,TK179,LTFM,KLAX,THY,A359
385d8619,AA2985,KSAN,KORD,AAL,A321
385d8626,CX829,CYYZ,VHHH,CPA,A35K
385d8650,FX5162,PANC,ZSAM,FDX,B77L
385d867e,DL57,EHAM,KSLC,DAL,A333
385d8690,EK214,KMIA,OMDB,UAE,B77W
385d86c4,EK261,OMDB,SBGR,UAE,A388
385d875f,QR713,OTHH,KIAH,QTR,A35K
385d876c,TK727,VNKT,LTFM,THY,A333
385d8787,BR51,KIAH,RCTP,EVA,B77W
385d87c7,CX97,PANC,VHHH,CPA,B748
385d87f4,VN99,KSFO,VVTS,HVN,A359
385d880c,CX253,VHHH,EGLL,CPA,A359
385d88cc,BR15,KLAX,RCTP,EVA,B77W
385d88ec,EK225,OMDB,KSFO,UAE,A388
385d88f5,KE208,KLAX,RKSI,KAL,B748
385d8901,DL65,KLAX,NZAA,DAL,A359
385d890d,CZ303,ZGGG,EGLL,CSN,B789
385d8998,AA2729,KBDL,KDFW,AAL,A321
385d89af,KQ116,HKJK,EHAM,KQA,B788
385d89d8,MU583,ZSPD,KLAX,CES,B77W
385d8a1d,QR960,OTHH,WADD,QTR,B77W
385d8a59,AF27,KLAX,LFPG,AFR,A359
385d8a67,BR31,KJFK,RCTP,EVA,B77W
385d8a97,AA169,KLAX,RJTT,AAL,B788
385d8a99,JT74,WARR,OEMA,KNE,A339
385d8ac5,VS355,VABB,EGLL,VIR,B789
385d8b22,QR701,OTHH,KJFK,QTR,B77W
385d8b5c,AI133,VOBL,EGLL,AIC,B788
385d8b70,QR763,OTHH,CYUL,QTR,B77W
385d8bef,KE17,RKSI,KLAX,KAL,A388
385d8bf3,BA274,KLAS,EGLL,BAW,A35K
385d8c1f,BR55,KORD,RCTP,EVA,B77W
385d8c5c,D052,EBBR,ZSPD,DHK,B77L
385d8c7f,BA84,CYVR,EGLL,BAW,A35K
385d8c82,AM21,MMMX,LEMD,AMX,B789
385d8d13,7C5303,RKSI,WADD,JJA,B38M
385d8d4f,TK70,LTFM,VHHH,THY,B77W
385d8d65,EY7,OMAA,KBOS,ETD,B789
385d8df7,QF3,NZAA,KJFK,QFA,B789
385d8e58,5Y812,PANC,KJFK,GTI,B744
385d8e64,MU551,ZSPD,EGLL,CES,B77W
385d8ef6,SU273,VTBS,UUEE,AFL,A333
385d8f0c,AF659,OMDB,LFPG,AFR,B77W
385d8fc7,GS7944,YSSY,ZUCK,GCR,A332
385d8fe7,ZG24,RJAA,KLAX,TZP,B788
385d907c,DL83,LFPG,KATL,DAL,A339
385d9082,AF428,LFPG,MROC,AFR,A359
385d9085,TG922,VTBS,EDDF,THA,B77W
385d90b5,OZ202,RKSI,KLAX,AAR,A388
385d90da,FX9792,KFLL,KONT,FDX,MD11
385d9122,CI5239,PANC,RCTP,CAL,B744
385d916f,PR119,CYYZ,RPLL,PAL,A359
385d91a7,MU245,ZSPD,OMDB,CES,A333
385d91d1,TK801,LTFM,SKBO,THY,B789
385d9204,LH8402,EDDF,ZSPD,GEC,B77L
385d920d,ZH887,ZGSZ,EGLL,CSZ,A333
385d921e,S75225,UNNT,UIII,SBI,E170
385d9267,UA858,ZSPD,KSFO,UAL,B77W
385d92da,CA933,ZBAA,LFPG,CCA,B77W
385d9324,MH150,WMKK,OEJN,MAS,A332
385d932c,FX6031,PANC,ZGGG,FDX,MD11
385d934d,KQ100,HKJK,EGLL,HFY,A333
385d9371,OZ216,RKSI,KSFO,AAR,A359
385d937e,CZ328,KLAX,ZGGG,CSN,B789
385d93e0,QR954,OTHH,WIII,QTR,A359
385d941c,TK187,LTFM,KIAD,THY,B789
385d947a,NH159,KJFK,RJTT,ANA,B77W
385d947e,3S617,KLAX,EDDF,BOX,B77L
385d94ba,QR707,OTHH,KIAD,QTR,B77W
385d94cf,CV6821,SBKP,ELLX,CLX,B744
385d9511,SV37,OERK,KIAD,SVA,B77W
385d952e,AC64,RKSI,CYVR,ACA,B789
385d9562,3U3838,KLAX,ZSHC,CSC,A359
385d9577,LA2478,SPJC,KLAX,LAN,B763
385d95e9,EY461,YMML,OMAA,ETD,B789
385d9651,5Y5579,EHAM,VHHH,GTI,B748
385d9696,CZ6996,ZSSS,ZWWW,CSN,B38M
385d9715,WK51,VTSP,LSZH,EDW,A343
385d971a,BR67,VTBS,EGLL,EVA,B77W
385d9744,EK406,OMDB,YMML,UAE,A388
385d9792,3V815,EBLG,ZSHC,ABR,B744
385d97b5,HU7963,ZGHA,EGLL,CHH,B789
385d97b6,TK6519,ZSPD,UCFM,THY,B77L
385d97eb,KE86,KJFK,RKSI,KAL,A388
385d97f4,EK235,OMDB,KORD,UAE,B77W
385d9822,YP132,KEWR,RKSI,APZ,B789
385d9841,EK211,OMDB,KIAH,UAE,A388
385d9873,,ELLX,KHSV,CLX,B744
385d98ab,UA984,LFPG,KSFO,UAL,B788
385d98ac,BA268,KLAX,EGLL,BAW,A388
385d994a,DL188,RKSI,KATL,DAL,A359
385d9982,SQ601,RKSI,WSSS,SIA,B78X
385d99bb,SU321,VRMM,UUEE,AFL,B77W
385d99c9,CA982,KJFK,ZBAA,CCA,B748
385d99cd,EK229,OMDB,KSEA,UAE,B77W
385d9a33,LY21,LLBG,KFLL,ELY,B789
385d9a47,HX305,ZBAA,VHHH,CCA,B77W
385d9a8b,LA800,NZAA,SCEL,LAN,B789
385d9a90,DL1673,KEWR,KATL,DAL,B739
385d9ac5,CZ8371,ZGSZ,UUEE,CSN,A333
385d9ad0,MU6021,ZSPD,WMKK,CES,A332
385d9b62,AI151,VIDP,LSZH,AIC,B788
385d9bac,IB312,MMMX,LEMD,IBE,A359
385d9c00,CA805,ZSPD,VTBS,CCA,A320
385d9c13,VS301,VIDP,EGLL,VIR,A35K
385d9c58,B62220,EGLL,KJFK,JBU,A21N
385d9c67,CA931,ZBAA,EDDF,CCA,B77W
385d9db8,EK763,OMDB,FAOR,UAE,A388
385d9dbf,AF6728,LFPG,ZBAA,AFR,B77L
385d9dc0,5Y400,KDOV,EPRZ,GTI,B744
385d9de1,SV826,OEJN,WIII,SVA,B77W
385d9de8,5Y504,EPPO,KPSM,GTI,B744
385d9e0e,PR103,KLAX,RPLL,PAL,B77W
385d9e37,FJ871,KSFO,NFFN,FJI,A332
385d9e93,AA51,EGLL,KDFW,AAL,B77W
385d9e9e,WN770,KSAN,KMDW,SWA,B737
385d9ed8,FM853,ZSPD,VTBS,CSH,B38M
385d9f70,PR105,KSFO,RPLL,PAL,B77W
385d9f87,JL50,OTHH,RJTT,JAL,B789
385d9faa,SU289,VCBI,UUEE,AFL,B77W
385d9fba,FX34,KMEM,EGSS,FDX,B77L
385da01a,MU589,ZSPD,KSFO,CES,B77W
385da046,CX843,KJFK,VHHH,CPA,A359
385da076,EK412,OMDB,YSSY,UAE,A388
385da08b,KE633,RKSI,WADD,KAL,B78X
385da0a9,B61818,TTPP,KJFK,JBU,A321
385da0da,QR706,KJFK,OTHH,QTR,A35K
385da0f1,EK248,SBGL,OMDB,UAE,B77W
385da101,LX181,VTBS,LSZH,SWR,B77W
385da103,MK48,FIMP,LSGG,MAU,A339
385da17d,QR989,YMML,OTHH,QTR,B77W
385da1b9,CI23,KONT,RCTP,CAL,A359
385da1bd,PR125,KSEA,RPLL,PAL,B77W
385da1e1,UQ2600,ZSPD,ZWWW,CUH,B738
385da24b,5X8,EDDK,ZGSZ,UPS,B748
385da27e,OS16,VTBS,LOWW,AUA,B772
385da2cf,,LICZ,EFHK,CNV,C130
385da2d9,DL221,LFPG,KSLC,DAL,A333
385da2f9,BA60,VRMM,EGLL,BAW,B77W
385da38a,TK6253,VHHH,LTFM,THY,B77L
385da3c2,BA72,OMAA,EGLL,BAW,B788
385da421,SE920,EGHH,ZWWW,URO,A346
385da44a,TK15,LTFM,SBGR,THY,A359
385da465,QF11,YSSY,KLAX,QFA,A388
385da46c,UA917,KSFO,NZAA,UAL,B772
385da475,EY65,OMAA,EGLL,ETD,B789
385da47e,CM306,KLAX,MPTO,CMP,B39M
385da495,TG916,VTBS,EGLL,THA,B77W
385da4c1,CX3504,VHHH,PANC,CPA,B748
385da4cb,AF473,FIMP,LFPG,AFR,B77W
385da4d9,FJ811,KLAX,NFFN,FJI,A359
385da4da,PR117,CYVR,RPLL,PAL,B77W
385da4df,RJ268,KDTW,OJAI,RJA,B788
385da529,CZ335,ZGGG,NZAA,CSN,B789
385da535,UA839,KLAX,YSSY,UAL,B789
385da545,UA1,KSFO,WSSS,UAL,B789
385da549,UA22,EIDW,KEWR,UAL,B764
385da563,EK434,OMDB,YBBN,UAE,A388
385da5a1,MS509,HECA,VHHH,MSX,A332
385da5be,NO124,LIRF,VIAR,NOS,B789
385da5df,AF926,LFPG,FOOL,AFR,A332
385da5ee,3S443,KORD,EDDF,DHK,B77L
385da6a9,,VVNB,OMDW,,F900
385da6e2,EK783,OMDB,DNMM,UAE,B77W
385da728,EY3,OMAA,KJFK,ETD,B789
385da737,CA1028,LEMD,ZSHC,CAO,B77L
385da73b,TG653,RKSI,VTBS,THA,A359
385da794,LO6194,VTSP,EPWA,LOT,B788
385da7af,CK221,ZSPD,KLAX,CKK,B77L
385da7b2,CA425,ZUTF,VCBI,CCA,A20N
385da7e7,JQ3,YSSY,PHNL,JST,B788
385da7fd,BR635,PANC,RCTP,EVA,B77L
385da7fe,KE6,KLAS,RKSI,KAL,B77W
385da82e,CA1291,ZBAA,ZWWW,CCA,B38M
385da85f,,KPTK,MROC,,H25B
385da86f,QR1405,OTHH,DNMM,QTR,B788
385da89a,UA98,KLAX,YMML,UAL,B789
385da8b5,HU7985,ZBAA,UUEE,CHH,A333
385da8d1,SQ37,KLAX,WSSS,SIA,A359
385da8f8,HU758,LFPG,ZGSZ,CHH,B789
385da96f,CX3086,PANC,MMSM,CPA,B748
385da97e,5X10,EDDK,ZSPD,UPS,B748
385da9e5,AA73,KLAX,YSSY,AAL,B77W
385daa19,QR7312,OTBD,GMFK,QTR,A332
385daa79,CA937,ZBAA,EGLL,CCA,B77W
385daaa3,UA135,LSZH,KEWR,UAL,B763
385daab0,BA256,VIDP,EGLL,BAW,A35K
385dab3f,EY78,EGCC,OMAA,ETD,B77W
385dab65,CX873,KSFO,VHHH,CPA,A359
385dab71,KIS7028,OIBK,OIII,KIS,MD82
385dabcd,AM1058,MMMY,RJAA,AMX,B789
385dabda,LX66,LSZH,KMIA,SWR,A333
385dabfe,QF29,YMML,VHHH,QFA,A333
385dac45,5J14,RPLL,OMDB,CEB,A339
385dacc0,ZF1612,VCBI,UUWW,AZV,B763
385dacdb,DL169,LEBL,KJFK,DAL,A339
385dad17,CA3151,ZBAA,LEMD,CAO,B77L
385dad5d,UA892,RKSI,KSFO,UAL,B772
385dada0,TK6552,KATL,LTFM,THY,B77L
385dadab,CX583,RJCC,VHHH,CPA,B77W
385dadda,UA96,KSFO,YBBN,UAL,B772
385dae24,NZ28,NZAA,KIAH,ANZ,B77W
385daebd,FX5038,KMEM,EDDK,FDX,B77L
385daecf,,DNMM,EGKB,,GLEX
385daed8,5Y9549,EPRZ,VHHH,GTI,B744
385daee2,EK358,OMDB,WIII,UAE,B77W
385daf2a,ZG30,RJAA,KSJC,TZP,B788
385daf4c,JX1,KLAX,RCTP,SJX,A359
385dafc8,AI155,VIDP,EHAM,AIC,B788
385dafda,NZ8,NZAA,KSFO,ANZ,B789
385dafe3,IB105,LEMD,SAEZ,IBE,A359
385db002,AA83,KLAX,NZAA,AAL,B788
385db052,EK72,LFPG,OMDB,UAE,A388
385db05d,CSG2597,ZGGG,OERK,CSG,B77L
385db063,5X56,KSDF,PHNL,UPS,B744
385db071,SU627,VTSP,USSS,AFL,A333
385db081,AI157,VIDP,EKCH,AIC,B788
385db09e,EK448,OMDB,NZAA,UAE,A388
385db0aa,AC19,CYVR,WSSS,ACA,B789
385db0c3,GG9520,ZHEC,PANC,KYE,B744
385db0ed,TS251,LFPG,CYUL,TSC,A332
385db0f9,VS24,KLAX,EGLL,VIR,B789
385db13b,EY913,OMAA,EHAM,ETD,B77L
385db14a,ZG22,RJAA,CYVR,TZP,B788
385db170,SQ494,WSSS,OMDB,SIA,A359
385db17f,TP282,FQMA,LPPT,TAP,A339
385db1a9,JT106,WARR,OEJN,KNE,A339
385db1b6,5X279,VOBL,EDDK,UPS,B748
385db1c5,SE600,EGHH,ZUUU,URO,A346
385db1cf,PU302,SPJC,LEMD,PUE,A332
385db21d,AC33,CYVR,YSSY,ACA,B77L
385db244,JD431,ZSQD,EGLL,CBJ,A333
385db251,CT126,UACC,LEMD,,B744
385db27e,ET710,HAAB,EGLL,ETH,A359
385db2f3,CX695,VHHH,VIDP,CPA,B77W
385db307,NH179,MMMX,RJAA,ANA,B788
385db30c,JX11,KSFO,RCTP,SJX,A359
385db32f,DL8,RJTT,KLAX,DAL,A359
385db340,VN403,RKSI,VVTS,HVN,A321
385db37e,UA882,RJTT,KORD,UAL,B78X
385db384,AA3064,TJSJ,KDFW,AAL,A321
385db392,FX6005,PANC,ZGGG,FDX,MD11
385db39a,KL661,EHAM,KIAH,KLM,A333
385db3a5,ES723,OBBI,VHHH,DHK,B763
385db3ab,SQ26,EDDF,KJFK,SIA,B77W
385db417,FX75,YSSY,ZGGG,FDX,B77L
385db463,UA152,KLAX,VHHH,UAL,B789
385db47b,KE401,RKSI,YSSY,KAL,B77W
385db4c6,5Y8470,RKSI,PANC,GTI,B744
385db4c8,CI5267,PANC,RCTP,CAL,B744
385db4cb,UA876,RJTT,KSFO,UAL,B772
385db4f5,TK16,SBGR,LTFM,THY,A359
385db519,S75786,OMDB,UNNT,SBI,B738
385db530,GA982,WIII,OEJN,GIA,B77W
385db546,CX171,VHHH,YPPH,CPA,B77W
385db564,5X72,PANC,ZGSZ,UPS,B748
385db593,CM473,KLAX,MPTO,CMP,B39M
385db599,TN101,KLAX,NTAA,THT,B789
385db59d,UA60,KSFO,YMML,UAL,B789
385db5c1,I98817,ZBTJ,LFPG,HLF,B77L
385db5cc,7L786,KORD,UBBB,AZG,B744
385db5d8,BY770,EGKK,HEGN,TUI,B38M
385db608,WZ909,UUBW,UACC,RWZ,SU95
385db60f,T84702,VHHH,OMDW,TVR,B744
385db63b,DK444,EKCH,GVAC,VKG,A333
385db65b,SV877,WIMM,OEJN,SVA,B772
385db6ac,BF710,KSFO,NTAA,FBU,A359
385db737,UL503,VCBI,EGLL,ALK,A333
385db74a,TR181,ZSNJ,WSSS,TGW,B788
385db75b,VS73,EGCC,KMCO,VIR,A333
385db76e,,OMDW,LSZH,,GLF5
385db7d2,LY8,KJFK,LLBG,ELY,B789
385db7e7,GF3,OBBI,EGLL,GFA,B789
385db7f8,CA784,NZAA,ZBAA,CCA,B789
385db804,HO1369,ZSPD,VTSP,DKH,A20N
385db815,AA113,LEBL,KMIA,AAL,B772
385db820,MF830,KLAX,ZSAM,CXA,B789
385db826,VS401,OMDB,EGLL,VIR,B789
385db830,AC65,CYVR,VTBS,ACA,B789
385db831,D7235,YPPH,WMKK,XAX,A333
385db876,KE23,RKSI,KSFO,KAL,B77W
385db89e,TG482,YPPH,VTBS,THA,A359
385db8ac,CI3,KSFO,RCTP,CAL,B77W
385db8fa,UA838,RJAA,KSFO,UAL,B772
385db959,FX9053,PANC,ZGGG,FDX,B77L
385db96c,F92818,KSAN,KDEN,FFT,A320
385db97c,FX42,KMEM,SBKP,FDX,B763
385db99f,5X212,EDDK,KSDF,UPS,B744
385db9ee,D7700,WMKK,OEJN,XAX,A333
385dba41,AF952,LFPG,SOCA,AFR,A359
385dba7c,AF344,LFPG,CYUL,AFR,B789
385dba8d,LH575,FACT,EDDM,DLH,A359
385dba98,OZ751,RKSI,WSSS,AAR,A359
385dba9c,EY5,OMAA,KIAD,ETD,B789
385dbac5,JQ63,YMML,VVTS,JST,B788
385dbac8,H4101,LROP,KJFK,HYM,A332
385dbae1,RJ271,OJAI,CYUL,RJA,B788
385dbb1f,7L42,ZSPD,UBBB,AZG,B748
385dbb21,AA735,EGLL,KCLT,AAL,B77W
385dbbab,U28749,EGKK,HELX,EZY,A20N
385dbbd8,FM857,ZSPD,VTSP,CSH,B38M
385dbbfd,DM6261,SAEZ,MDPC,DWI,B38M
385dbc13,CI7,KLAX,RCTP,CAL,B77W
385dbc16,VA697,YMML,YPPH,VOZ,B738
385dbc1a,SV861,RPLL,OERK,SVA,B77W
385dbc20,AA1093,KLAS,KMIA,AAL,A21N
385dbc2e,MU795,ZBAD,WMKK,CES,A20N
385dbc30,AC39,CYVR,NZAA,ACA,B789
385dbc3a,CX881,KLAX,VHHH,CPA,B77W
385dbc82,VS950,EGLL,ZSPD,VIR,B789
385dbce3,JL16,RJTT,KLAX,JAL,B77W
385dbd44,KE629,RKSI,WADD,KAL,B78X
385dbd58,AV27,LEMD,SKBO,AVA,B788
385dbd64,AI143,VIDP,LFPG,AIC,B788
385dbdaa,TK502,GOBD,LTFM,THY,A332
385dbe3d,SQ621,RJBB,WSSS,SIA,B78X
385dbe56,AI171,VAAH,EGKK,AIC,B788
385dbe66,FZ727,OMDB,LTFM,FDB,B38M
385dbe80,SV809,VGHS,OEJN,SVA,B77W
385dbea7,WS1887,PHNL,CYEG,WJA,B38M
385dbebc,ZF2938,VTSP,USSS,AZV,B763
385dbec2,UA877,KSFO,VHHH,UAL,B77W
385dbeef,SQ633,RJTT,WSSS,SIA,A359
385dbf0c,B61621,EGLL,KBOS,JBU,A21N
385dbf21,DV5358,VTBU,UAAA,VSV,B38M
385dbf26,WY850,WIII,OOMS,OMA,B788
385dbf32,TW169,RKSI,WBKK,TWB,B738
385dbf37,D0522,EBBR,VHHH,DHK,B77L
385dbf3d,SV41,OEJN,KLAX,SVA,B77W
385dbf51,EY801,RJAA,OMAA,ETD,B789
385dbf5d,KE671,RKSI,WMKK,KAL,B789
385dbf94,TK30,KEWR,LTFM,THY,A359
385dbf9b,UA945,EDDF,KORD,UAL,B78X
385dbfb8,UA852,RCTP,KSFO,UAL,B77W
385dbfbb,UA805,KSFO,RKSI,UAL,B789
385dbfcf,SQ7371,OMSJ,WSSS,SIA,B744
385dbfd1,KL879,EHAM,VOBL,KLM,B78X
385dbfe8,TV9912,ZLXN,ZUUU,TBA,A319
385dbffb,BR17,KSFO,RCTP,EVA,B77W
385dc02e,NH180,RJAA,MMMX,ANA,B788
385dc03d,BA198,VABB,EGLL,BAW,B772
385dc05a,CZ6982,ZSSS,ZWWW,CSN,B788
385dc078,UA883,EGLL,KEWR,UAL,B763
385dc0c6,UA189,KSFO,RPLL,UAL,B77W
385dc0cf,,OTHH,EHAM,QTR,B77L
385dc0ec,AC35,CYVR,YBBN,ACA,B789
385dc111,FX6006,PANC,KMEM,FDX,MD11
385dc117,KL713,EHAM,SMJP,KLM,B77W
385dc176,CZ2543,ZGGG,PANC,CSG,B77L
385dc18f,AF2,LFPG,KJFK,AFR,B77W
385dc1c9,5X33,YSSY,ZSPD,UPS,B748
385dc1e3,AA168,RJTT,KJFK,AAL,B789
385dc1f5,AF374,LFPG,CYVR,AFR,A359
385dc22b,AA645,PHOG,KPHX,AAL,A21N
385dc25e,AI2027,VABB,EDDF,AIC,B789
385dc25f,OZ211,KSFO,RKSI,AAR,A359
385dc2ca,5Y8345,KMIA,SCEL,GTI,B744
385dc2d5,DL47,EHAM,KJFK,DAL,A333
385dc2e7,UA804,RJTT,KIAD,UAL,B772
385dc2eb,ZG53,RJAA,WSSS,TZP,B788
385dc2f6,5X68,PANC,VVTS,UPS,B748
385dc301,NZ4,NZAA,KLAX,ANZ,B77W
385dc318,AC869,EGLL,CYHZ,ACA,B38M
385dc31d,KZ141,KORD,RJAA,NCA,B748
385dc350,KE623,RKSI,RPLL,KAL,B77W
385dc352,AF28,KLAX,NTAA,AFR,A359
385dc375,FM831,ZSPD,VTSP,CSH,B738
385dc392,ET933,HAAB,GLRB,ETH,B788
385dc3af,DL294,RJTT,KATL,DAL,A359
385dc3b5,J2110,LKPR,UBBB,AHY,A319
385dc3bd,DE3752,EDDL,TBPB,CFG,A339
385dc3c6,OZ573,RKSI,UTTT,AAR,A333
385dc3ca,QR32,EGPH,OTHH,QTR,B788
385dc3d1,QR8104,KORD,OTHH,QTR,B77L
385dc41f,SU277,VTSP,UUEE,AFL,B77W
385dc440,AH463,OEJN,DAOO,DAH,A332
385dc461,EK181,OMDB,EBBR,UAE,B77W
385dc478,NH6,RJAA,KLAX,ANA,B789
385dc4ae,HU730,EBBR,ZBAA,CHH,B789
385dc4c9,KE653,RKSI,VTBS,KAL,B789
385dc4ce,CX865,CYVR,VHHH,CPA,B77W
385dc4d9,BR27,KSFO,RCTP,EVA,B77W
385dc509,UA863,KSFO,YSSY,UAL,B77W
385dc510,CZ8009,ZBAD,VGHS,CSN,A21N
385dc536,NH8,RJAA,KSFO,ANA,B77W
385dc582,,FSIA,OERK,NJE,GLEX
385dc590,KE663,RKSI,VTSP,KAL,A333
385dc5ec,RJ263,OJAI,KORD,RJA,B788
385dc5f2,UA957,LSGG,KEWR,UAL,B763
385dc638,VS412,DNMM,EGLL,VIR,A35K
385dc642,VS165,EGLL,MKJS,VIR,B789
385dc645,ET3708,EBLG,VHHH,ETH,B77L
385dc64b,W83460,KMIA,CYYT,CJT,B763
385dc652,EY815,RJBB,OMAA,ETD,B789
385dc65d,UA730,KSFO,NZCH,UAL,B788
385dc6b5,CM744,SBGR,MPTO,CMP,B39M
385dc6be,VJ93,VVNB,YMML,VJC,A333
385dc6cd,5C852,VHHH,UAAA,CHG,B744
385dc6fa,AI179,VABB,KSFO,AIC,B77L
385dc70c,CI21,KSEA,RCTP,CAL,A359
385dc710,KE453,RKSI,VVNB,KAL,B77W
385dc716,VS479,FACT,EGLL,VIR,B789
385dc71d,SU764,ULLI,OMDW,AFL,B738
385dc74e,AY144,VTBS,EFHK,FIN,A359
385dc75c,QR6,EGLL,OTHH,QTR,A359
385dc76e,CM487,SBGL,MPTO,CMP,B39M
385dc794,5Y340,LIMC,RJAA,LSI,B77L
385dc7af,DL183,LIRF,KJFK,DAL,A339
385dc7d5,FX19,KMEM,PANC,FDX,B77L
385dc7f2,BY800,EGNT,GVAC,TUI,B38M
385dc804,QR344,LPPT,OTHH,QTR,B788
385dc817,KE71,RKSI,CYVR,KAL,B78X
385dc849,5Y8198,PANC,KMIA,,B744
385dc866,ZE511,RKSI,VTBS,ESR,B738
385dc880,JL62,RJAA,KLAX,JAL,B789
385dc886,CFC4239,HUEN,DGAA,CFC,C30J
385dc88f,OR3721,EHAM,GVSV,TUI,B38M
385dc8b5,BR9,CYVR,RCTP,EVA,B77W
385dc8f1,NQ3,RJAA,WSSS,AJX,B788
385dc907,KE76,CYVR,RKSI,KAL,B789
385dc916,AD8755,LPPT,SBKP,AZU,A332
385dc928,NH891,RJTT,VVTS,ANA,B78X
385dc930,QR8975,VDPP,OTHH,QTR,B77L
385dc940,SQ242,YSSY,WSSS,SIA,A359
385dc958,JX31,KSEA,RCTP,SJX,A359
385dc9a4,BX601,RKPK,WADD,ABL,A21N
385dc9aa,DL4609,KSEA,KPSP,DAL,E75L
385dc9dd,ZG51,RJAA,VTBS,TZP,B788
385dca3d,CA789,ZBAA,OERK,CCA,A333
385dca77,SB981,WSSS,NWWW,ACI,A339
385dca7b,SQ345,LSZH,WSSS,SIA,B77W
385dca7c,LO6524,VVPQ,EPKT,LOT,B788
385dca8a,LJ91,RKSI,VVPQ,JNA,B772
385dcaa5,3U3917,ZUTF,OMDB,CSC,A333
385dcab4,TG673,RJBB,VTBS,THA,B77W
385dcab5,BR25,KSEA,RCTP,EVA,B78X
385dcab6,VJT785,LIRQ,KEWR,VJT,GL7T
385dcab8,NH105,KLAX,RJTT,ANA,B788
385dcae7,3S580,RKSI,VHHH,BOX,B77L
385dcaec,CZ419,ZSPD,KLAX,CSN,B77L
385dcb03,NH12,RJAA,KORD,ANA,B77W
385dcb13,MU5357,ZSSS,ZGSZ,CES,A333
385dcb57,NZ6,NZAA,KLAX,ANZ,B77W
385dcb65,CM174,SCEL,MPTO,CMP,B738
385dcc26,UA78,RJAA,KEWR,UAL,B772
385dcc2f,MF826,LFPG,ZSAM,CXA,B788
385dcc7c,SV840,OEJN,WMKK,SVA,B789
385dcc7f,UA142,RJAA,KDEN,UAL,B789
385dcc92,5X223,KSDF,EDDK,UPS,B748
385dcc9a,BA117,EGLL,KJFK,BAW,B77W
385dccc2,,LOWW,OMDW,MHV,CL60
385dccf4,SU5642,UHHH,UNNT,SHU,A319
385dcd07,AI121,VIDP,EDDF,AIC,B789
385dcd13,CZ655,ZGGG,UUEE,CSN,A333
385dcd3f,EK31,OMDB,EGLL,UAE,A388
385dcd54,OD152,YPPH,WMKK,BTK,B738
385dcdab,DL287,LIMC,KJFK,DAL,B764
385dcdd3,UU971,FMEE,LFPG,REU,B77W
385dcde6,AI189,VIDP,CYYZ,AIC,B77L
385dcdea,UA31,EDDM,KEWR,UAL,B764
385dcded,TU202,DTTA,CYUL,TAR,A332
385dcdf0,AI117,VIAR,EGBB,AIC,B788
385dcdf3,UA853,KSFO,RCTP,UAL,B77W
385dcdf8,3S633,OMDW,EDDF,BOX,B77L
385dce10,6E1602,WIII,VABB,IGO,A20N
385dce1b,QT4089,KMIA,SGAS,TPA,A332
385dce49,MH190,WMKK,VIDP,MAS,A333
385dce54,V0495,UUWW,MUHA,VCV,A346
385dce67,KE251,RKSI,PANC,KAL,B77L
385dce93,N8520,EGBB,VHHH,,BE36
385dceb3,AF6741,KORD,LFPG,AFR,B77L
385dcece,CX838,VHHH,CYVR,CPA,B77W
385dcf1f,NH815,RJAA,WMKK,ANA,B789
385dcf26,NZ24,NZAA,CYVR,ANZ,B789
385dcf60,LJ1,RKSI,VTBS,JNA,B772
385dcf6a,CM169,SACO,MPTO,CMP,B738
385dcf6f,EK9855,VVNB,OMDW,UAE,B77L
385dcf76,NH107,KSFO,RJTT,ANA,B77W
385dcf97,CX2071,PANC,VHHH,CPA,B748
385dcfae,EK9841,VHHH,OMDW,UAE,B77L
385dcfb0,,ELLX,KORD,CLX,B744
385dcfcc,WS1867,PHNL,CYYC,WJA,B38M
385dcfd5,Y47813,KFAT,MMMM,VOI,A320
385dcfe0,KE615,RKSI,RPVM,KAL,B773
385dcfed,CI5236,RCTP,PANC,CAL,B744
385dd012,BY216,EGCC,GVBA,TUI,B38M
385dd028,QR8009,OTHH,EBLG,QTR,B77L
385dd04a,TS111,LFPG,CYUL,TSC,A332
385dd056,AA103,EGLL,KJFK,AAL,B772
385dd060,BA2157,EGKK,TAPA,BAW,B772
385dd065,SU205,ZBAD,UUEE,AFL,B77W
385dd067,GJ8217,ZSHC,UAAA,CDC,A21N
385dd07b,MU705,ZLXY,OMDB,CES,A332
385dd07c,MU5031,ZBAD,WSSS,CES,A20N
385dd0a9,AI2021,VIDP,LFPG,AIC,B789
385dd10b,BY38,EGKK,MMUN,TUI,B789
385dd117,KE651,RKSI,VTBS,KAL,B77W
385dd120,3S589,PANC,KCVG,DHK,B77L
385dd12f,QR979,VTSP,OTHH,QTR,B788
385dd134,8M622,VYYY,VYMK,MMA,E190
385dd14b,CA868,FAOR,ZGSZ,CCA,A359
385dd1a6,UA33,RJAA,KLAX,UAL,B789
385dd1ab,FX9002,KMEM,EBLG,FDX,MD11
385dd1c5,5Y8765,PANC,KORD,,B744
385dd230,QR8407,VHHH,OTHH,RUN,B744
385dd24a,TG677,RJAA,VTBS,THA,B77W
385dd251,LH8225,MMGL,EDDF,GEC,B77L
385dd260,ZE581,RKSI,VVPQ,ESR,B738
385dd29f,UA12,LSZH,KORD,UAL,B763
385dd2a5,DL299,DNMM,KJFK,DAL,A332
385dd334,5X104,KSDF,PANC,UPS,B763
385dd340,SAZ62,OMDW,LSGG,SAZ,CL60
385dd34d,AK94,WMKK,VIAR,AXM,A21N
385dd366,ZE517,RKSI,VTCC,ESR,B38M
385dd380,CM383,KSFO,MPTO,CMP,B39M
385dd38d,VS385,VRMM,EGLL,VIR,B789
385dd39d,DL9907,EDDF,KJFK,DAL,B763
385dd3a3,SQ208,YMML,WSSS,SIA,A359
385dd3c0,CA871,ZBAA,WMKK,CCA,A333
385dd3c2,BA406,EGLL,HECA,BAW,A21N
385dd436,HC741,UTAA,EGNX,HGO,B744
385dd469,AI961,VIDP,HKJK,AIC,B788
385dd48a,JL2,RJTT,KSFO,JAL,B789
385dd4b8,AI131,VABB,EGLL,AIC,B77W
385dd4e3,AA60,RJAA,KDFW,AAL,B772
385dd500,EK449,NZAA,OMDB,UAE,A388
385dd54e,JL42,EGLL,RJTT,JAL,B788
385dd557,FX234,KMEM,CYEG,FDX,B763
385dd55e,EY100,LPPT,OMAA,ETD,B789
385dd59b,B62130,TJSJ,KJFK,JBU,A321
385dd5a0,SV852,OERK,VTSP,SVA,B789
385dd5a3,UA18,LIMC,KEWR,UAL,B772
385dd5a9,JL773,RJAA,YMML,JAL,B788
385dd5bf,KL745,EHAM,SKBO,KLM,B78X
385dd605,TK6461,LTFM,VABB,THY,A332
385dd60e,QR8247,OTHH,EBBR,QTR,B77L
385dd622,DM6061,SBGR,MDPC,DWI,B38M
385dd62e,UA6,RJAA,KIAH,UAL,B772
385dd62f,CV9931,VHHH,UBBB,CLX,B748
385dd630,ESW126,OMDB,HRYR,ESW,GLF6
385dd669,UA885,LIRF,KIAD,UAL,B764
385dd66f,AI162,EGLL,VIDP,AIC,A359
385dd672,DL59,EGLL,KBOS,DAL,A332
385dd67d,VJ998,WADD,VVNB,VJC,A21N
385dd6b1,UA889,ZBAA,KSFO,UAL,B77W
385dd6bc,KD4870,KORD,RJAA,WGN,B744
385dd6c9,AI2025,VIDP,EDDF,AIC,B789
385dd6f3,VA569,YSSY,YPPH,VOZ,B738
385dd6f4,EY823,RKSI,OMAA,ETD,B789
385dd718,3U3815,ZUTF,ULLI,CSC,A333
385dd734,SG90,VTSP,VIDP,SEJ,A320
385dd73b,CX882,VHHH,KLAX,CPA,B77W
385dd741,JA790,SCEL,SKBO,JAT,A20N
385dd746,BG349,VGHS,OEDF,BBC,B788
385dd76c,C67656,UTTT,LLBG,MFX,B763
385dd770,K4628,PANC,VHHH,DHK,B744
385dd78b,P9305,PGUM,PHNL,MGE,B752
385dd78f,OZ735,RKSI,VVTS,AAR,A359
385dd794,CZ8565,ZYHB,ZLXY,CSN,A320
385dd7a4,HX635,RJAA,VHHH,CRK,A320
385dd7ba,QR1499,HTDA,OTHH,OMA,A333
385dd7c9,QS1200,LKPR,OMDB,TVS,B738
385dd7db,,PANC,KJFK,CLX,B748
385dd7e5,DE1402,EDDF,GCFV,CFG,A320
385dd7e6,LJ5,RKSI,VTSP,JNA,B38M
385dd833,B6377,KBOS,KLAS,JBU,A321
385dd8bc,DV5330,VVPQ,UAII,VSV,B39M
385dd8c6,NH835,RJAA,WIII,ANA,B788
385dd8c9,KE411,RKSI,NZAA,KAL,B789
385dd8d3,NQ1,RJAA,VTBS,AJX,B788
385dd8ec,3U3993,ZUTF,WMKK,CSC,A21N
385dd902,AC858,CYYZ,EGLL,ACA,B77W
385dd988,PR209,RPLL,YMML,PLM,A332
385dd991,JL58,RJAA,KSFO,JAL,B789
385dd99c,DE3812,EDDF,TBPB,CFG,A339
385dd9db,AC161,CYYZ,CYEG,ACA,BCS3
385dd9fd,EY82,LIMC,OMAA,ETD,B789
385dda16,G9802,OMSJ,WMKK,ABY,A21N
385dda35,AC845,EDDF,CYUL,ACA,A333
385dda38,SU1248,UUEE,UWOO,AFL,B738
385dda52,ER422,OEJN,OPLA,SEP,A332
385dda5f,DL107,EDDF,KJFK,DAL,A332
385dda66,QR803,RJBB,OTHH,QTR,A359
385dda71,AF446,LFPG,TNCM,AFR,A332
385dda75,SQ204,YBCS,WSSS,SIA,A359
385dda80,DT651,LPPT,FNLU,DTA,B77W
385dda89,C085,ZJHK,OMDW,FGO,A332
385ddab4,PK247,OPLA,OEDF,PIA,B772
385ddb0a,JL60,RJBB,KLAX,JAL,B789
385ddb3b,KZ136,PANC,KORD,NCA,B748
385ddb4b,MU5186,ZSPD,ZBAD,CES,A333
385ddb52,DL127,LEMD,KJFK,DAL,B764
385ddb56,AI308,VIDP,YMML,AIC,B788
385ddb5c,CX2088,PANC,KJFK,CPA,B748
385ddb70,EK44,EDDF,OMDB,UAE,B77W
385ddb7d,LH8412,EDDF,ZUUU,GEC,B77L
385ddb8e,KL605,EHAM,KSFO,KLM,B772
385ddb95,WK38,LSZH,MROC,EDW,A343
385ddbb7,LY394,LEBL,LLBG,ELY,B738
385ddbc0,UA963,EDDB,KEWR,UAL,B764
385ddbc7,LA8147,LPPT,SBGR,LAN,B77W
385ddbd0,LY320,LFPG,LLBG,ELY,B739
385ddbfa,EY112,LEBL,OMAA,ETD,B789
385ddc1d,LA2421,SUMU,SPJC,LAN,A320
385ddc25,KL735,EHAM,TNCC,KLM,B77W
385ddc2f,DL120,RJTT,KMSP,DAL,A339
385ddc47,ET909,HAAB,GABS,ETH,A359
385ddc49,CI31,CYVR,RCTP,CAL,B77W
385ddc8c,CM253,KLAS,MPTO,CMP,B39M
385ddca2,BY532,EGKK,GVBA,TUI,B38M
385ddca4,RS581,RKSI,RPSP,ASV,A321
385ddcc1,KE9203,RKSI,PANC,KAL,B748
385ddcc5,JL759,RJAA,VVTS,JAL,B788
385ddcc7,D83676,EKCH,GCTS,NOZ,B738
385ddcd5,AS68,PANC,KPHX,ASA,B738
385ddcd7,EY748,FAOR,OMAA,ETD,B789
385ddcdb,EY146,LSGG,OMAA,ETD,B789
385ddcec,O3173,ZHEC,OPLA,CSS,B763
385ddcf1,IX191,VIAR,OMDB,AXB,B738
385ddd09,PF722,OPMT,OEJN,SIF,A320
385ddd36,TP288,FNLU,LPPT,TAP,A339
385ddd41,KL601,EHAM,KLAX,KLM,B78X
385ddd62,5Y515,PANC,RKSI,GTI,B744
385ddd82,DE2283,HKMO,EDDF,CFG,A339
385dddc7,AA69,LEMD,KMIA,AAL,B772
385dddcb,9C7263,ZLLL,ZWSH,CQH,A20N
385dddda,AS810,PHLI,KSEA,ASA,B738
385dddf7,KL623,EHAM,KATL,KLM,B772
385dde18,TK6442,OKKK,ZGSZ,THY,A332
385dde1b,CX840,VHHH,KJFK,CPA,A359
385dde1d,OZ2823,PANC,KLAX,AAR,B744
385dde35,LX16,LSZH,KJFK,SWR,A333
385dde5b,5Y8238,EDDF,KORD,GTI,B744
385dde62,OD751,WMKK,UTTT,BTK,B38M
385dde7c,RJ111,OJAI,EGLL,RJA,B788
385dde89,PF719,OEJN,OPIS,SIF,A320
385ddea5,QR8773,VHHH,OTHH,QTR,B77L
385ddea9,U22613,EGGW,HEGN,EZY,A20N
385ddeaa,KL597,EHAM,FACT,KLM,B77W
385ddeba,SQ807,ZBAA,WSSS,SIA,B77W
385ddebb,CZ6460,ZPPP,ZYCC,CSN,A20N
385ddebd,CZ6065,ZGSZ,WADD,CSN,A20N
385dded5,DM6161,SCEL,MDPC,DWI,B38M
385ddee2,EY102,LEMD,OMAA,ETD,B789
385ddef0,DL113,LIRF,KBOS,DAL,A339
385ddefb,TK765,OMDB,LTFM,THY,B77W
385ddf0b,7C4103,RKSI,VVPQ,JJA,B738
385ddf18,FJ392,VHHH,NFFN,FJI,A333
385ddf20,5X1,VHHH,EDDK,UPS,B748
385ddf28,HO1605,ZSPD,WSSS,DKH,A20N
385ddf35,CZ6037,ZGGG,OPLA,CSN,B789
385ddf37,5W7087,OMAA,UACC,WZZ,A321
385ddf3e,VJT716,EINN,KORH,VJT,GL7T
385ddf59,7C4055,RKPK,WSSS,JJA,B738
385ddf78,AA675,PHNL,KPHX,AAL,A21N
385ddf79,CV6101,KATL,ELLX,CLX,B748
385ddf8b,CZ306,NZAA,ZGGG,CSN,B789
385ddfa0,EK546,OMDB,VOMM,UAE,B77W
385ddfae,CA166,YMML,ZBAA,CCA,A359
385ddfb0,,LSGG,HTDA,SWW,GLEX
385ddfc5,BA7,EGLL,RJTT,BAW,B789
385de013,AA705,EDDF,KCLT,AAL,B772
385de073,SQ406,WSSS,VIDP,SIA,A388
385de097,UA905,EGLL,KEWR,UAL,B763
385de0b2,TW189,RKSI,RPVK,TWB,B738
385de0b6,BY214,EGCC,GVAC,TUI,B38M
385de0b8,LX154,LSZH,VABB,SWR,A333
385de123,UA34,RJBB,KSFO,UAL,B772
385de161,DL125,LPPT,KBOS,DAL,B763
385de175,FX77,PHNL,YSSY,FDX,B77L
385de185,AI915,VIDP,OMDB,AIC,B789
385de19b,KL569,EHAM,HTKJ,KLM,B772
385de1a5,HY634,ULLI,UTTT,UZB,A21N
385de1a9,LH8430,EDDF,ZBAA,GEC,B77L
385de1b8,BY1172,EGPF,GCTS,TUI,B38M
385de1e3,MA564,LIMC,VHHH,,B744
385de211,K47845,PHNL,KONT,CKS,B744
385de222,DL11,EGLL,KMSP,DAL,A339
385de230,AC536,PHOG,CYVR,ACA,B38M
385de247,FR9642,EDLV,GCFV,RYR,B738
385de276,AA199,LIMC,KJFK,AAL,B772
385de284,UA879,EGLL,KIAH,UAL,B772
385de285,6E77,VOBL,OEJN,IGO,A20N
385de289,AI137,VIDP,LIMC,AIC,B788
385de295,NZ176,YPPH,NZAA,ANZ,B77W
385de29b,BX725,RKPK,VTBS,ABL,A21N
385de2b3,QR8201,OTHH,EHAM,QTR,B77L
385de2ca,SV848,OEJN,VTBS,SVA,B789
385de2d1,MU5220,ZPPP,ZSPD,CES,A20N
385de2e1,U25113,EDDB,GCTS,EZY,A320
385de2f1,QE309,RJTT,MMSL,QQE,GLF6
385de2fe,CX20,YMML,VHHH,CPA,B748
385de306,JL68,RJAA,KSEA,JAL,B789
385de319,WK102,LSZH,GVBA,EDW,A320
385de330,LXJ456,LFPB,KBGR,LXJ,GLF4
385de39d,AA298,PHNL,KLAX,AAL,A21N
385de3bc,3S519,VHHH,EDDP,BOX,B77L
385de3bd,BY304,EGKK,GVAC,TUI,B788
385de3e8,,EGGW,KSAV,,GLF5
385de3f2,DL357,PHNL,KSLC,DAL,B763
385de3f9,BR642,PANC,KORD,EVA,B77L
385de40c,HY9674,UIII,UTTT,UZB,A320
385de424,GF142,GMMN,OBBI,GFA,B789
385de435,LH438,EDDF,KDFW,DLH,A343
385de43b,EY62,EGLL,OMAA,ETD,A388
385de43c,TW101,RKSI,VTBS,TWB,B738
385de43d,HU766,UUEE,ZJHK,CHH,A333
385de45c,EY46,EIDW,OMAA,ETD,B77W
385de45d,B61210,MDSD,KJFK,JBU,A320
385de481,EK333,RPLL,OMDB,UAE,B77W
385de488,LJ87,RKSI,VVCR,JNA,B738
385de4ec,UA130,RJTT,KEWR,UAL,B772
385de504,AV646,SAEZ,SEQM,AVA,A20N
385de523,HY3124,LHBP,UTTT,UZB,B763
385de53d,AV7395,KJFK,SEGU,AVA,A20N
385de545,LJ115,RKPK,VVCR,JNA,B738
385de553,CA1378,ZJSY,ZBAA,CCA,A359
385de56c,OZ7731,RKSI,VVCR,AAR,A21N
385de56e,AC518,PHNL,CYVR,ACA,B38M
385de57c,TP231,LPPT,KIAD,TAP,A21N
385de5b5,HU7067,ZHHH,ZYHB,CHH,B738
385de5b7,LH468,EDDF,KAUS,DLH,B789
385de5c0,CX419,RKSI,VHHH,CPA,B77W
385de5c5,EK22,EGCC,OMDB,UAE,A388
385de5d1,AF756,LFPG,FCBB,AFR,A359
385de5dc,JL711,RJAA,WSSS,JAL,B763
385de5e0,VN791,VVTS,YPPH,HVN,B789
385de5e9,CX731,VHHH,OMDB,CPA,B77W
385de605,5J827,RJBB,RPLL,CEB,A339
385de610,AV569,KJFK,MSLP,AVA,A320
385de625,B62092,KMIA,KJFK,JBU,A320
385de64a,MU780,NZAA,ZSPD,CES,B77W
385de676,DL45,EIDW,KJFK,DAL,B763
385de679,VS3,EGLL,KJFK,VIR,A339
385de688,AI302,VIDP,YSSY,AIC,B788
385de6be,AZ630,LIRF,KMIA,ITY,A339
385de6d6,DL157,DGAA,KJFK,DAL,A339
385de6dd,BA195,EGLL,KIAH,BAW,B78X
385de6e5,HA17,KLAS,PHNL,HAL,A332
385de6e6,JL729,RJAA,WIII,JAL,B789
385de713,NH801,RJAA,WSSS,ANA,B789
385de72c,AC841,EDDF,CYYZ,ACA,A333
385de74e,LH454,EDDF,KSFO,DLH,B748
385de756,VS19,EGLL,KSFO,VIR,B789
385de75c,7C2507,RKSI,WBKK,JJA,B738
385de785,NH897,RJAA,VVNB,ANA,B789
385de791,GAF807,EDDK,CYYR,GAF,A319
385de799,EW8290,EDDB,GCTS,EWG,A320
385de79a,DL440,PHNL,KSEA,DAL,A21N
385de7b5,DL143,EHAM,KSEA,DAL,A339
385de7c7,MU786,LIPZ,ZSPD,CES,A332
385de7f7,AM2,LEMD,MMMX,AMX,B788
385de833,2U8104,EBLG,UTTT,FKH,B763
385de849,SQ12,RJAA,KLAX,SIA,B77W
385de850,SQ309,EGKK,WSSS,SIA,A359
385de856,CZ5007,ZGSZ,OERK,CSN,A333
385de86a,AC62,RKSI,CYYZ,ACA,B789
385de86e,AA176,RJTT,KDFW,AAL,B788
385de8b0,NH218,EDDM,RJTT,ANA,B789
385de911,AZ608,LIRF,KJFK,ITY,A339
385de92b,,LFBO,LFBO,AIB,A20N
385de92e,D82872,EFHK,GCLP,NOZ,B38M
385de931,AV634,SAEZ,SEGU,AVA,A20N
385de933,CX3098,PANC,KORD,CPA,B748
385de963,MU554,LFPG,ZSPD,CES,B77W
385de990,QR10,EGLL,OTHH,QTR,A388
385de9b0,JL707,RJAA,VTBS,JAL,B788
385de9be,UA41,LIRF,KEWR,UAL,B764
385de9c3,MU5069,ZSPD,WIII,CES,A332
385de9d5,OZ204,RKSI,KLAX,AAR,A359
385de9f2,S73021,UUDD,UIII,SBI,A320
385dea09,OZ741,RKSI,VTBS,AAR,A388
385dea22,MU5433,ZSPD,ZUCK,CES,A320
385dea2f,FX9056,PANC,KMEM,FDX,B77L
385dea35,B61968,TJSJ,KBOS,JBU,BCS3
385dea37,EY144,LSZH,OMAA,ETD,A35K
385dea5f,5W7233,OMAA,LYBE,WZZ,A21N
385dea61,FX5277,OMDW,LFPG,FDX,B77L
385dea6d,MU710,LEMD,ZSPD,CES,A359
385dea70,AS626,PHNL,KSEA,ASA,B739
385deac0,EK255,LEBL,MMMX,UAE,B77L
385dead5,LJ43,RKSI,RPSP,JNA,B38M
385dead6,SQ833,ZSPD,WSSS,SIA,B77W
385deaf0,FZ647,OMDB,HAAB,FDB,B738
385deb35,EY32,LFPG,OMAA,ETD,A388
385deb94,FR3354,EDDB,GCFV,RYR,B738
385deba9,AC833,EBBR,CYUL,ACA,B77W
385debac,DL170,RKSI,KMSP,DAL,A359
385debe1,SQ323,EHAM,WSSS,SIA,A359
385debf6,CA114,RJAA,ZBAA,CCA,A321
385debfd,UA71,EHAM,KEWR,UAL,B772
385dec1e,CX647,VHHH,OERK,CPA,A359
385dec2a,HA496,NCRG,PHNL,HAL,A21N
385dec30,AC4,RJAA,CYVR,ACA,B789
385dec42,BA175,EGLL,KJFK,BAW,B772
385dec53,CZ8435,ZGSZ,OMDB,CSN,A333
385dec6f,CX2084,VHHH,PANC,CPA,B744
385dec70,LH490,EDDF,KSEA,DLH,A343
385dec71,AF22,LFPG,KLAX,AFR,B77W
385dec75,EK8,EGLL,OMDB,UAE,A388
385dec81,W61495,EPWA,GCTS,WZZ,A21N
385dec8b,AA668,KMCO,KDFW,AAL,A321
385decad,QR927,RPLC,OTHH,QTR,B788
385decb4,BA67,EGLL,KPHL,BAW,A35K
385dece3,B0100,LFPO,KEWR,DJT,A21N
385dece4,WY165,OOMS,LTFM,OMA,B38M
385decee,B6362,TBPB,KJFK,JBU,A320
385ded19,KL591,EHAM,FAOR,KLM,B77W
385ded2b,,ZWWW,UGTB,CMS,B738
385ded4f,BOH112,EDDB,GCTS,BOH,C680
385ded62,AA171,KJFK,KLAX,AAL,A321
385ded64,LH462,EDDF,KMIA,DLH,B748
385ded72,3V517,UAAA,EDDP,ABR,B744
385ded86,DL81,LFPG,KSEA,DAL,A339
385ded9d,VS197,EGLL,TBPB,VIR,A333
385deda7,SE901,ZWWW,EGHH,URO,A346
385deda8,S76310,VTBS,UIII,SBI,B738
385dedc1,OG701,EDDB,BIKF,FPY,A20N
385dedd0,DL161,EHAM,KMSP,DAL,A333
385dedd1,TG635,RCTP,VTBS,THA,B788
385dedd6,BY192,EGCC,MMUN,TUI,B789
385dede8,U25105,EDDB,LEMG,EZY,A320
385dedf7,TX516,LFPO,TFFF,FWI,A35K
385dedf9,VA95,YPAD,WADD,VOZ,B38M
385dee10,SQ806,WSSS,ZBAA,SIA,B78X
385dee1e,MH140,YSSY,WMKK,MAS,A333
385dee22,SU245,FSIA,UUEE,AFL,A359
385dee2a,BR658,PANC,CYYZ,EVA,B77L
385dee47,AI2017,VIDP,EGLL,AIC,B789
385dee48,JL753,RJAA,VOBL,JAL,B788
385dee7f,5Y562,LEZG,MMSM,GTI,B748
385dee80,A45103,URSS,UUBC,AZO,SU95
385dee8d,HA828,RJFF,PHNL,HAL,A332
385dee90,OZ272,RKSI,KSEA,AAR,A359
385dee94,W62357,LHBP,OMAA,WZZ,A21N
385deea0,7L201,UBBB,EHAM,AZG,B748
385deeae,X7571,EBLG,KIAH,CHG,B744
385deec8,2C627,UBBB,LFPG,CMA,B77L
385deed9,DL89,LFPG,KATL,DAL,A333
385deedb,SV845,VTBS,OEJN,SVA,B789
385deefb,5X213,KSDF,EDDK,UPS,B744
385def17,LS631,EGNX,GCRR,EXS,B738
385def23,DL87,EDDF,KDTW,DAL,A332
385def2e,CA174,YSSY,ZBAA,CCA,B77W
385def4b,TW307,RKSI,PGSN,TWB,B38M
385def5c,,ESGG,GCFV,BRX,A320
385def5e,AA717,EDDM,KCLT,AAL,B772
385def76,CX505,RJAA,VHHH,CPA,B773
385def77,5J923,RJFF,RPLL,CEB,A21N
385def78,B6523,KJFK,KLAX,JBU,A21N
385def7d,AA95,LEMD,KJFK,AAL,B788
385def92,JL8,RJAA,KBOS,JAL,B789
385defbe,NH805,RJAA,VTBS,ANA,B789
385defcb,WS1875,PHLI,CYVR,WJA,B38M
385defd3,CZ6802,ZGGG,ZWSH,CSN,B38M
385defe0,MU283,ZSPD,VLVT,CES,A321
385deff2,OZ743,RKSI,VTBS,AAR,A333
385df008,KC235,UAII,OEJN,KZR,A21N
385df00a,AZ856,LIRF,OMDB,ITY,A21N
385df00d,AF412,LFPG,SAEZ,AFR,B789
385df00f,P47579,EGKK,DNMM,APK,B773
385df012,SQ51,EGCC,WSSS,SIA,A359
385df023,K4223,PANC,KJFK,CKS,B77L
385df053,Y45252,MMMX,KORD,VOI,A21N
385df066,JL735,RJAA,VHHH,JAL,B788
385df06d,QR8112,KORD,LIMC,QTR,B77L
385df071,,OERK,LATI,,GL5T
385df079,DL394,PHOG,KSEA,DAL,A21N
385df080,EY126,EDDM,OMAA,ETD,B789
385df090,HU7974,LIMC,ZGSZ,CHH,B789
385df0b3,KE465,RKSI,VVCR,KAL,B739
385df0dc,VS117,EGLL,KMIA,VIR,A339
385df0f0,DL229,LFPG,KDTW,DAL,A333
385df0f7,SQ11,RJAA,WSSS,SIA,B77W
385df116,MU7061,ZSPD,YSSY,CES,A359
385df11b,B61833,KBOS,KSFO,JBU,A21N
385df13d,BA139,EGLL,VABB,BAW,A35K
385df140,BY752,EGKK,GOBD,TUI,B38M
385df170,AC887,LOWW,CYYZ,ACA,A333
385df17b,SV113,OERK,EGLL,SVA,B77W
385df190,OS89,LOWW,KEWR,AUA,B789
385df191,SK804,EGLL,ENGM,SAS,A320
385df1a4,CZ8353,ZGSZ,WIII,CSN,A21N
385df1b2,HO1356,WADD,ZSPD,DKH,A20N
385df1c2,F980,KORD,MDPC,FFT,A21N
385df1c9,SV799,VGHS,OEMA,SVA,B772
385df1e0,OS73,LOWW,CYUL,AUA,B763
385df1ed,TR21,YSSY,WSSS,TGW,B789
385df1f0,AC873,LFPG,CYYZ,ACA,A333
385df209,CZ8534,ZHCC,ZWKM,CSN,B738
385df23a,CI76,LIRF,RCTP,CAL,A359
385df23e,CI62,EDDF,RCTP,CAL,A359
385df244,AC881,LSZH,CYYZ,ACA,B77L
385df260,WS81,RJAA,CYYC,WJA,B789
385df27c,WS1853,PHOG,CYVR,WJA,B38M
385df291,7L9952,KJFK,LLBG,AZG,B744
385df29b,P8392,ENGM,ENTC,SRN,AT75
385df2cc,AS898,PHNL,KSAN,ASA,B39M
385df2d5,QR70,EDDF,OTHH,QTR,B789
385df2dc,YP111,RKSI,KSFO,APZ,B789
385df2ef,CZ3905,ZGGG,ZYHB,CSN,A21N
385df30d,LY84,VTBS,LLBG,ELY,B788
385df317,TP237,LPPT,KSFO,TAP,A339
385df31d,F93547,KJFK,TJSJ,FFT,A21N
385df31f,AC6,RJAA,CYUL,ACA,B77W
385df33b,3U3892,YSSY,ZUTF,CSC,A333
385df34a,CY381,LFPG,LCLK,CYP,A320
385df34e,EY154,LOWW,OMAA,ETD,B78X
385df360,SK907,ENGM,KEWR,SAS,A21N
385df363,EY842,UUEE,OMAA,ETD,B789
385df375,AA9601,EGLL,KDFW,AAL,B772
385df385,FX18,WSSS,RJBB,FDX,B77L
385df389,IB269,LEMD,SBGL,IBE,A332
385df3a8,ER401,OPIS,OEJN,SEP,A332
385df3ce,UA973,EBBR,KORD,UAL,B78X
385df3d3,QF68,VOBL,YSSY,QFA,A332
385df3e2,KQ508,HKJK,DGAA,KQA,B738
385df3f0,BT881,EETN,GCTS,BTI,BCS3
385df3f9,TS9111,LFPG,CYUL,TSC,A333
385df3fd,EY58,EBBR,OMAA,ETD,B78X
385df40b,CZ5026,YSSY,ZBAD,CSN,A333
385df413,WZ3093,USSS,VCRI,RWZ,B772
385df414,OS87,LOWW,KJFK,AUA,B763
385df427,B6913,KHPN,KFLL,JBU,A320
385df433,XY661,OEJN,DAAG,KNE,A333
385df434,QF10,EGLL,YPPH,QFA,B789
385df435,K4368,KLAX,PHNL,CKS,B744
385df44f,N4437,URSS,UWGG,NWS,A321
385df451,CZ442,KLAX,ZSPD,CSN,B77L
385df458,GF16,EDDF,OBBI,GFA,A21N
385df469,TB1752,GCTS,EBBR,TUI,B38M
385df47a,AC2,RJTT,CYYZ,ACA,B77W
385df481,CM290,SGAS,MPTO,CMP,B738
385df49a,HU7326,ZYHB,ZJSY,CHH,B738
385df4a0,FX7,OMDW,LIMC,FDX,B77L
385df4c3,EY122,EDDF,OMAA,ETD,B77W
385df4ed,EK9282,OMDW,VHHH,UAE,B77L
385df4f3,KE475,RKSI,VVTS,KAL,B773
385df50c,SQ847,ZUTF,WSSS,SIA,B38M
385df51e,QR330,EGKK,OTHH,QTR,B788
385df529,CA791,ZLXY,UACC,CCA,B38M
385df53f,KL705,EHAM,SBGL,KLM,B772
385df543,KE467,RKSI,VVCR,KAL,A21N
385df545,SN501,EBBR,KJFK,BEL,A333
385df546,AF702,LFPG,DIAP,AFR,B77W
385df54c,AF460,LFPG,SBGR,AFR,B77W
385df54f,OZ755,RKSI,VVDN,AAR,A333
385df56e,LY348,LSZH,LLBG,ELY,B738
385df575,3U6879,ZUTF,ZBAA,CSC,A320
385df584,LH444,EDDF,KATL,DLH,A343
385df591,TO3281,LTFM,LFPO,TRA,A20N
385df5bf,TR16,WSSS,YPPH,TGW,B789
385df5c7,TK9,LTFM,KLAX,THY,B77W
385df5dd,5J237,VHHH,RPVM,CEB,A20N
385df5e4,MU547,ZSPD,VTBS,CES,A20N
385df601,OZ765,RKSI,VTCC,AAR,A333
385df605,NZ80,VHHH,NZAA,ANZ,B789
385df60b,KL791,EHAM,SBGR,KLM,B77W
385df626,,LBSF,OTHH,NJE,CL35
385df627,BA207,EGLL,KMIA,BAW,A388
385df62b,AF694,LFPG,KIAH,AFR,A359
385df62d,QT4055,KMIA,SBKP,TPA,A332
385df631,AV183,LEMD,SKBO,AVA,B788
385df638,NK2073,KBWI,KLAX,NKS,A20N
385df644,HU7778,ZJQH,ZBAA,CHH,B738
385df654,TP57,LPPT,SBBR,TAP,A339
385df66a,4Y978,EDDF,MMUN,OCN,A332
385df672,U28127,EGKK,GCRR,EZY,A320
385df675,UC1527,SCEL,SAEZ,LCO,B763
385df682,SV835,WMKK,OEJN,SVA,B78X
385df683,MF891,ZSAM,WADD,CXA,B38M
385df689,LH492,EDDF,CYVR,DLH,A343
385df68b,TK169,YMML,WSSS,THY,A359
385df69a,GF2,EGLL,OBBI,GFA,B789
385df6b4,DL393,KCVG,KLAX,DAL,A21N
385df6c8,DL388,ZSPD,KDTW,DAL,A359
385df6ef,LH408,EDDF,KRDU,DLH,A333
385df70a,BY1156,EGPF,GCLP,TUI,B38M
385df724,TS681,LPPT,CYUL,TSC,A21N
385df725,DL273,LPPT,KJFK,DAL,B764
385df72a,AA1558,SPJC,KMIA,AAL,A21N
385df72d,SV110,EGLL,OERK,SVA,B77W
385df737,QR117,OTHH,LIMC,QTR,A359
385df743,CA823,ZBAA,VTCC,CCA,B738
385df775,W42991,LOWW,OERK,WZZ,A21N
385df77b,CA840,LEBL,ZSPD,CCA,A359
385df791,AC850,EGLL,VIDP,ACA,B789
385df7a1,,OMDW,ELLX,CLX,B748
385df7a7,DL131,EDDM,KATL,DAL,B764
385df7ad,ME216,EBBR,OLBA,MEA,A21N
385df7d3,CA969,ZBAA,WSSS,CCA,A333
385df7d7,DL26,RKSI,KATL,DAL,A359
385df7d9,QR817,VHHH,OTHH,QTR,B77W
385df7ea,QR1,OTHH,EGLL,QTR,B77W
385df7eb,DL2408,PAFA,KSEA,DAL,BCS3
385df7ed,LH442,EDDF,KDTW,DLH,A346
385df7f7,FZ540,VNKT,OMDB,FDB,B738
385df804,G9720,OMSJ,HUEN,ABY,A320
385df807,B615,KJFK,KSFO,JBU,A321
385df825,UA121,LEBL,KEWR,UAL,B764
385df830,LH400,EDDF,KJFK,DLH,A346
385df833,F93137,KMIA,KDEN,FFT,A321
385df839,CZ6906,ZBAD,ZWWW,CSN,B38M
385df845,HO1948,ZYHB,ZGSZ,DKH,A320
385df864,AA3089,KLGA,KSRQ,AAL,A320
385df882,NZ90,RJAA,NZAA,ANZ,B77W
385df892,VR641,LFPG,GVSV,TCV,B737
385df8ad,AF68,LFPG,KPHX,AFR,B772
385df8b6,DL996,KATL,KLAX,DAL,A21N
385df8d2,UO647,RJAA,VHHH,HKE,A21N
385df8f1,LS1225,EGBB,LPMA,EXS,A21N
385df911,F93135,KORD,KIAH,FFT,A20N
385df923,FD231,RCTP,VTBD,AXM,A320
385df925,CZ6377,ZYCC,ZGGG,CSN,A20N
385df934,AK1623,WBKK,RKSI,AXM,A20N
385df95a,IX352,OMSJ,VOCL,AXB,A320
385df96a,F93571,KEWR,TJSJ,FFT,A21N
385df96e,KL787,EHAM,TNCM,KLM,A332
385df997,QF1,YSSY,WSSS,QFA,A388
385df999,EW9558,EDDL,GCTS,EWG,A21N
385df99b,3S629,OMDW,EDDF,BOX,B77L
385df9a7,EK146,EHAM,OMDB,UAE,B77W
385df9ab,6H662,OMDB,LLBG,ISR,A320
385df9ae,UA249,GCTS,KEWR,UAL,B752
385df9ba,SK903,ESSA,KEWR,SAS,A333
385df9bb,CA977,ZBAA,WIII,CCA,A333
385df9c3,HO1669,ZSPD,YSSY,DKH,B789
385df9c7,DL73,EHAM,KATL,DAL,A333
385df9c9,SQ305,EGLL,WSSS,SIA,B77W
385df9cc,B61519,KBOS,KMIA,JBU,A320
385df9d1,B6909,KBOS,MYNN,JBU,A321
385df9f0,AA71,EDDF,KDFW,AAL,B772
385df9f5,DL49,EHAM,KJFK,DAL,A339
385dfa1c,ZH652,RJAA,ZGSZ,CSZ,B738
385dfa3d,AY1731,EFHK,LPMA,FIN,A321
385dfa40,GF153,VTBS,OBBI,GFA,B789
385dfa70,VJ5141,ZBSJ,VVCR,VJC,A321
385dfa75,TP103,LPPT,SBCF,TAP,A339
385dfa7d,QR8962,OTHH,ZSPD,QTR,B77L
385dfa7f,HO1365,ZSPD,WMKP,DKH,A20N
385dfa8d,ET3685,VHHH,HAAB,ETH,B77L
385dfa8f,TN8,NTAA,KLAX,THT,B789
385dfa94,FZ651,OMDB,HUEN,FDB,B738
385dfabe,BA253,EGLL,MYNN,BAW,B772
385dfac7,AF484,LFPG,SBGL,AFR,B77W
385dfac8,SQ335,LFPG,WSSS,SIA,B77W
385dfacc,DJ230,EKBI,ZHEC,SRR,B77L
385dfacf,BR171,RKSI,RCKH,EVA,A321
385dfada,5W7007,OMAA,LGAV,WZZ,A21N
385dfadb,2C630,LFPG,ZHCC,CMA,A332
385dfae5,3U3887,ZUTF,UUEE,CSC,A359
385dfaf1,AA2971,KALB,KDFW,AAL,A320
385dfafa,B61323,KJFK,KLAX,JBU,A321
385dfafc,Y7402,UUDD,URSS,TYA,B738
385dfaff,C67675,UTTT,LKMT,MFX,B763
385dfb0f,NH833,RJAA,VVTS,ANA,B788
385dfb42,AM35,LEMD,MMMY,AMX,B789
385dfb55,AA319,KORD,KPHX,AAL,B738
385dfb61,9C6458,ZUTF,ZSSS,CQH,A320
385dfb66,UT716,OMDW,UUWW,UTA,B762
385dfb87,FJ880,NFFN,CYVR,FJI,A359
385dfb8a,LX238,LSZH,HECA,SWR,BCS3
385dfb96,DL2,EGLL,KJFK,DAL,A332
385dfb99,LH758,EDDF,VOMM,DLH,A343
385dfb9d,F91334,KDFW,KTPA,FFT,A21N
385dfba6,UA50,LEMD,KEWR,UAL,B764
385dfbb1,MS784,EGLL,HECA,MSR,A21N
385dfbc7,ET3728,EBLG,VHHH,ETH,B77L
385dfbd2,U61801,UUDD,HEGN,SVR,A21N
385dfbe5,B6869,KJFK,MDPC,JBU,A320
385dfbe9,EY9711,OMAA,LEMD,ETD,B77L
385dfc05,CI64,LOWW,RCTP,CAL,A359
385dfc08,AF476,LFPG,SBSV,AFR,A359
385dfc1f,BA65,EGLL,HKJK,BAW,A35K
385dfc25,HO1662,EGCC,ZSPD,DKH,B789
385dfc3b,BY2112,EGCC,GCLP,TUI,B789
385dfc4c,AF842,LFPO,TFFF,AFR,B77W
385dfc4f,NK2058,KFLL,SKCL,NKS,A20N
385dfc53,MF855,ZSFZ,WIII,CXA,B738
385dfc56,TK571,GQNO,LTFM,THY,A333
385dfc6b,FJ810,NFFN,KLAX,FJI,A359
385dfc6e,TW191,RKSI,VVDN,TWB,B738
