plane_id;manufacturer;model;seating_capacity
A10;FAIRCHILD;Fairchild A10;8
A124;ANTONOV;Antonov AN-124 Ruslan;139
A19N;AIRBUS;Airbus A319 Neo;149
A20N;AIRBUS;Airbus A320 Neo;149
A21N;AIRBUS;Airbus A321 Neo;2
A306;AIRBUS;Airbus A300 B4-600;149
A30B;AIRBUS;Airbus A300-B2;275
A310;AIRBUS;Airbus A310;149
A318;AIRBUS;Airbus A318;222
A319;AIRBUS;Airbus A319;5
A320;AIRBUS;Airbus A320;182
A321;AIRBUS;Airbus A321;149
A332;AIRBUS;Airbus A330-200;2
A333;AIRBUS;Airbus A330-300;275
A337;AIRBUS;Airbus A330-700 - Beluga XL;178
A338;AIRBUS;Airbus A330-800;128
A339;AIRBUS;Airbus A330-900;300
A342;AIRBUS;Airbus A340-200;2
A343;AIRBUS;Airbus A340-300;2
A345;AIRBUS;Airbus A340-500;269
A346;AIRBUS;Airbus A340-600;5
A359;AIRBUS;Airbus 350-900;149
A35K;AIRBUS;Airbus A350-1000 XWB;178
A388;AIRBUS;Airbus A380-800;178
A400;AIRBUS;Airbus A400M Atlas;255
A5;ICON;Icon A-5;11
AA1;GRUMMAN AMERICAN;Grumman American AA1;2
AA5;GRUMMAN AMERICAN;Grumman American AA5;178
AC11;ROCKWELL;Rockwell Commander 112;80
AC50;AERO;Aero Commander 500;178
AC56;AERO;Aero Commander 560;379
AC68;AERO;Aero Commander 680FP;95
AC6L;AERO;Aero Commander 680FL;7
AC80;ROCKWELL;Rockwell Commander Turbo 680;9
AC90;GULFSTREAM AEROSPACE-ROCKWELL;Gulfstream 690 Commander 690;189
AC95;GULFSTREAM AEROSPACE-ROCKWELL;Gulfstream Jetprop Commander 1000;199
AEST;PIPER;Piper Aero Star;12
AN12;ANTONOV;Antonov AN-12;379
AN72;ANTONOV;Antonov AN-74-100/200;379
AR11;AERONCA;Aeronca 11 Chief;330
ASTR;IAI;IAI Astra 1125;149
AT3T;AIR TRACTOR;Air Tractor AT-402;20
AT43;ATR;ATR 42-300/320;379
AT44;ATR;ATR-42-400;145
AT45;ATR;ATR 42-500;2
AT46;ATR;ATR 42-600;292
AT5T;AIR TRACTOR;Air Tractor AT-503;149
AT6T;AIR TRACTOR;AT-602 Air Tractor;149
AT72;ATR;ATR-72-201/202;182
AT73;ATR;ATR 72-211/212;140
AT75;ATR;ATR-72-500;149
AT76;ATR;ATR 72-600/212A;182
AT8T;AIR TRACTOR;Air Tractor AT-802;8
B18T;BEECH;Beech 18 (Turbo);6
B190;BEECH;Beech 1900/C-12J;147
B2;NORTHROP;Northrop B-2 Spirit;142
B350;BEECH;Beech Super King Air 350;330
B36T;ALLISON-BEECH;Allison 36 Turbine Bonanza;400
B37M;BOEING;Boeing 737 MAX 7;178
B38M;BOEING;Boeing 737 MAX 8;149
B39M;BOEING;Boeing 737 MAX 9;255
B461;BRITISH AEROSPACE;BAe 146-100;22
B462;BRITISH AEROSPACE;BAe 146 -200;2
B52;BOEING;Boeing B-52 Stratofortress;142
B703;BOEING;Boeing 707-300;7
B712;BOEING;Boeing 717-200;178
B721;BOEING;Boeing 727-100 (C-22);275
B722;BOEING;Boeing 727-200;14
B732;BOEING;Boeing 737-200/VC96;200
B733;BOEING;Boeing 737-300;149
B734;BOEING;Boeing 737-400;149
B735;BOEING;Boeing 737-500;4
B736;BOEING;Boeing 737-600;2
B737;BOEING;Boeing 737-700;377
B738;BOEING;Boeing 737-800;182
B739;BOEING;Boeing 737-900;149
B741;BOEING;Boeing 747-100;4
B742;BOEING;Boeing 747-200;8
B743;BOEING;Boeing 747-300;149
B744;BOEING;Boeing 747-400;10
B748;BOEING;Boeing 747-8;149
B752;BOEING;Boeing 757-200;255
B753;BOEING;Boeing 757-300;2
B762;BOEING;Boeing 767-200;142
B763;BOEING;Boeing 767-300;55
B764;BOEING;Boeing 767-400;149
B772;BOEING;Boeing 777-200;178
B773;BOEING;Boeing 777-300;172
B778;BOEING;Boeing 777-8 ;100
B779;BOEING;Boeing 777-9;172
B77L;BOEING;Boeing 777-200LRF/LR;191
B77W;BOEING;Boeing 777-300ER;149
B788;BOEING;Boeing 787-8 BBJ/Dreamliner;400
B789;BOEING;Boeing 787-9 Dreamliner;2
B78X;BOEING;Boeing 787-10 Dreamliner;290
BA11;BAC;BAC 111 One-Eleven;2
BCS1;AIRBUS-BOMBARDIER;Airbus A220-100;375
BCS3;AIRBUS-BOMBARDIER;Airbus A220-300;200
BE10;BEECH;Beech King Air 100;191
BE18;BEECH;Beech 18;330
BE19;BEECH;Beech B19 Musketeer;149
BE20;BEECH;Beech 200 Super King;16
BE23;BEECH;Beech 23 Sundowner;149
BE24;BEECH;Beech 24 Sierra;149
BE30;RAYTHEON-BEECH;Raytheon 300 Super King Air;182
BE33;BEECH;Beech Bonanza 33;179
BE35;BEECH;Beech Bonanza 35;100
BE36;BEECH;Beech Bonanza 36;2
BE40;RAYTHEON-BEECH-HAWKER;Raytheon/Beech Beechjet 400/T-1 Jayhawk;2
BE50;BEECH;Beechcraft 50 Twin Bonanza;178
BE55;BEECH;Beech Baron 55;22
BE58;BEECH;Beech 58 Baron;55
BE60;BEECH;Beech 60 Duke;149
BE65;BEECH;Beech 65 Queen Air;400
BE70;BEECH;Beech 70 Queen Air;182
BE76;BEECH;Beech 76 Duchess;6
BE77;BEECH;Beech 77 Skipper;179
BE80;BEECH;Beech BE-80 Queen Air;182
BE95;BEECH;Beechcraft 95 Travel Air;450
BE99;BEECH;Beech Airliner 99;179
BE9L;BEECH;Beech King Air 90;102
BE9T;BEECH;Beech F90 King Air;149
BL17;BELLANCA;Bellanca Viking;199
BL8;BELLANCA;Bellanca 8 Scout;2
BLCF;BOEING;Boeing 747-400LCF Dreamlifter;179
BT36;BEECH;Beech 36 Bonanza;55
C120;CESSNA;Cessna 120;149
C130;LOCKHEED;Lockheed 130 Hercules;4
C140;CESSNA;Cessna 140;149
C150;CESSNA;Cessna 150;142
C152;CESSNA;Cessna 152;4
C160;TRANSALL;Transall C-160;55
C162;CESSNA;Cessna 162 Skycatcher;140
C17;BOEING;Boeing Globemaster 3;2
C170;CESSNA;Cessna 170;11
C172;CESSNA;Cessna Skyhawk 172/Cutlass;8
C175;CESSNA;Cessna 175;178
C177;CESSNA;Cessna 177 Cardinal;4
C180;CESSNA;Cessna 180 Skywagon;6
C182;CESSNA;Cessna Skylane 182;55
C185;CESSNA;Cessna 185 Skywagon;149
C188;CESSNA;Cessna 188;149
C195;CESSNA;Cessna 195;260
C206;CESSNA;Cessna 206 Stationair;379
C207;CESSNA;Cessna 207 Stationair 7;145
C208;CESSNA;Cessna 208 Caravan 1;179
C210;CESSNA;Cessna 210 Centurion;400
C212;CASA;CASA Aviocar;8
C240;CESSNA;Cessna TTx Model T240;139
C25A;CESSNA;Cessna Citation CJ2;149
C25B;CESSNA;Cessna Citation CJ3;149
C25C;CESSNA;Cessna Citation CJ4;2
C25M;CESSNA;Cessna Citation M2;149
C303;CESSNA;Cessna 303 Crusader;275
C30J;LOCKHEED MARTIN;C-130J Super Hercules , Lockheed;149
C310;CESSNA;Cessna 310;222
C320;CESSNA;Cessna 320 Skyknight;5
C335;CESSNA;Cessna 335;182
C340;CESSNA;Cessna 340;149
C402;CESSNA;Cessna 401/402;2
C404;CESSNA;Cessna 404 Titan;275
C414;CESSNA;Cessna Chancellor 414;178
C421;CESSNA;Cessna Golden Eagle 421;128
C425;CESSNA;Cessna 425 Corsair;300
C441;CESSNA;Cessna Conquest;2
C500;CESSNA;Cessna 500/Citation I;2
C501;CESSNA;Cessna 1SP;269
C510;CESSNA;Cessna Citation Mustang;5
C525;CESSNA;Cessna CitationJet/CJ1;149
C526;CESSNA;Cessna 526 CitationJet;178
C550;CESSNA;Cessna Citation II/Bravo;178
C551;CESSNA;Cessna Citation II/SP;255
C55B;CESSNA;Cessna Citation Bravo;11
C560;CESSNA;Cessna Citation V/Ultra/Encore;2
C56X;CESSNA;Cessna Excel/XLS;178
C650;CESSNA;Cessna III/VI/VII;80
C680;CESSNA;Cessna Citation Sovereign;178
C68A;CESSNA;Cessna Citation Latitude;379
C700;CESSNA;Cessna Citation Longitude;95
C72R;CESSNA;Cessna 172RG Cutlass RG;7
C750;CESSNA;Cessna Citation X;9
C77R;CESSNA;Cessna 177 Cardinal RG;189
C82R;CESSNA;Cessna Skylane RG;199
CH7A;AERONCA;Aeronca 7AC;12
CH7B;BELLANCA;Bellanca 7GCBC Citabria;379
CL30;BOMBARDIER;Bombardier (Canadair) Challenger 300;379
CL35;BOMBARDIER;Bombardier Challenger 350;330
CL41;CANADAIR;Canadair 41 Tutor;149
CL60;CANADAIR;Canadair Challenger 600/601/604;20
CN35;CASA;CASA CN-235;379
COL3;LANCAIR-CESSNA;Lancair LC-40 Columbia 300;145
COL4;LANCAIR-CESSNA;Lancair LC-41 Columbia 400;2
COUR;HELIO;HELIO U-10 Super Courier;292
CRJ1;CANADAIR;canadair CRJ-100;149
CRJ2;CANADAIR;canadair CRJ-200;149
CRJ7;CANADAIR;canadair CRJ-700;182
CRJ9;CANADAIR;canadair CRJ-900;140
CRUZ;CZAW;CZAW SportCruiser;149
CVLP;CONVAIR;Convair CV-440 Metropolitan;182
CVLT;CONVAIR-CANADAIR;Convair CV-580/600/640;8
D328;DORNIER;Dornier 328 Series;6
DA40;DIAMOND;Diamond Star DA40;147
DA42;DIAMOND;Diamond Twin Star;142
DC10;BOEING-MCDONNELL DOUGLAS;Boeing (Douglas) DC 10-10/30/40;330
DC3;DOUGLAS;Douglas DC 3;400
DC3S;DOUGLAS;Douglas Super DC-3;178
DC6;DOUGLAS;Douglas DC 6;149
DC87;DOUGLAS;Douglas DC-8-70;255
DC91;DOUGLAS;Douglas DC 9-10;22
DC93;DOUGLAS;Douglas DC 9-30;2
DC95;DOUGLAS;Douglas DC 9-50;142
DH8A;DEHAVILLAND CANADA;DeHavilland Canada DHC8-100;7
DH8B;DEHAVILLAND CANADA;DeHavilland Canada DHC8-200;178
DH8C;DEHAVILLAND CANADA;DeHavilland Canada Dash 8/DHC8-300;275
DH8D;DEHAVILLAND CANADA;DeHavilland Canada 8/DHC8-400;14
DHC2;DEHAVILLAND CANADA;DeHavilland Canada 2 Mk1 Beaver;200
DHC6;DEHAVILLAND CANADA;DeHavilland Canada Twin Otter;149
DHC7;DEHAVILLAND CANADA;DeHavilland Canada DHC-7;149
DV20;DIAMOND;Diamond 20 Katana;4
E110;EMBRAER;Embraer EMB110 Bandeirante;2
E120;EMBRAER;Embraer Brasilia EMB 120;377
E135;EMBRAER;Embraer ERJ 135/140/Legacy;182
E145;EMBRAER;Embraer ERJ-145;149
E170;EMBRAER;Embraer 170;4
E190;EMBRAER;Embraer 190;8
E195;EMBRAER;Embraer 195;149
E290;EMBRAER;Embraer 190-E2;10
E295;EMBRAER;Embraer 195-E2;149
E35L;EMBRAER;Embraer 135BJ Legacy 600;255
E45X;EMBRAER;Embraer ERJ 145 XR;2
E50P;EMBRAER;Embraer 500 Phenom 100;142
E545;EMBRAER;Embraer EMB-545 Legacy 450;55
E550;EMBRAER;Legacy 500/Praetor 600;149
E55P;EMBRAER;Embraer Phenom 300;178
E75L;EMBRAER;Embraer 175 long wing;172
E75S;EMBRAER;Embraer 175 short wing;100
EA50;ECLIPSE;Eclipse 500;172
ERCO;ERCO;Ercoupe 415;191
EVOT;LANCAIR;Lancair Evolution Turbine;149
F15;BOEING-MCDONNELL DOUGLAS;Boeing F-15 Eagle;400
F16;LOCKHEED-GENERAL DYNAMICS;Lockheed F-16 Fighting Falcon;2
F18H;BOEING-MCDONNELL DOUGLAS;F/A 18 Hornet;290
F18S;BOEING-MCDONNELL DOUGLAS;FA-18E/F Super Hornet;2
F22;LOCKHEED;Lockheed Martin L-645 Raptor;375
F2TH;DASSAULT;Dassault Falcon 2000;200
F406;REIMS-CESSNA;Reims-Cessna F406 Caravan II;191
F900;DASSAULT;Dassault Falcon 900;330
FA10;DASSAULT;Dassault Falcon/Mystère 10;149
FA20;DASSAULT;Dassault Falcon/Mystère 20;16
FA50;DASSAULT;Dassault Falcon/Mystère 50;149
FA7X;DASSAULT;Dassault Falcon 7X;149
FA8X;DASSAULT;Dassault Falcon 8X;182
FDCT;FLIGHT DESIGN;Flight Design CT;179
G150;GULFSTREAM AEROSPACE;Gulfstream G150;100
G164;GRUMMAN AMERICAN ;Grumman American G164;2
G280;GULFSTREAM AEROSPACE;Gulfstream G280;2
GA5C;GULFSTREAM AEROSPACE;Gulfstream Aerospace Gulfstream G7-G500;178
GA6C;GULFSTREAM AEROSPACE;Gulfstream Aerospace Gulfstream G7-G600;22
GA7;GULFSTREAM AMERICAN - GRUMMAN AMERICAN;Gulfstream American GA7;55
GALX;GULFSTREAM AEROSPACE-IAI;IAI 1126 Galaxy/Gulfstream G200;149
GC1;GLOBE;Globe GC-1 Swift;400
GL5T;BOMBARDIER;Bombardier BD-700 Global 5000;182
GL7T;BOMBARDIER;Bombardier BD-700 Global 7500;6
GLEX;BOMBARDIER;Bombardier BD-700 Global Express;179
GLF2;GULFSTREAM AEROSPACE;Gulfstream II;182
GLF3;GULFSTREAM AEROSPACE;Gulfstream III;450
GLF4;GULFSTREAM AEROSPACE;Gulfstream IV/G400;179
GLF5;GULFSTREAM AEROSPACE;Gulfstream V/G500;102
GLF6;GULFSTREAM AEROSPACE;Gulfstream G650;149
H25A;HAWKER SIDDELEY;HS 125-1/2/3/400/600;199
H25B;BRITISH AEROSPACE - HAWKER SIDDELEY;BAe HS 125/700-800/Hawker 800;2
H25C;BRITISH AEROSPACE RAYTHEON;BAe/Raytheon HS 125-1000;179
HA4T;HAWKER;Hawker 4000;55
HAWK;BRITISH AEROSPACE;BAe T-45 Goshawk;149
HDJT;HONDA;HONDA HA-420 HondaJet;4
HUSK;AVIAT;AVIAT Huskey ;149
IL76;ILYUSHIN;Ilyushin IL 76;142
J328;FAIRCHILD DORNIER;Fairchild Dornier 328 Jet;4
JS31;BRITISH AEROSPACE;BAe 3100 Jetstream 31;55
JS32;BRITISH AEROSPACE;BAe Jetstream super 31;140
JS41;BRITISH AEROSPACE;BAe Jetstream 41;2
K35R;BOEING;Boeing KC-135 Stratotanker;11
KODI;QUEST;Quest Kodiak;8
L29B;LOCKHEED;Lockheed Jetstar 2/731;178
L5;STINTSON;Stintson L5 Sentinel;4
L8;LUSCOMBE;Luscombe 8;6
LA4;LAKE;Lake LA-4;55
LJ23;LEARJET;Bombardier Learjet 23;149
LJ24;LEARJET;Bombardier Learjet 24;149
LJ25;LEARJET;Bombardier Learjet 25;260
LJ31;LEARJET;Bombardier Learjet 31;379
LJ35;LEARJET;Bombardier Learjet 35/36;145
LJ40;LEARJET;Learjet 40;179
LJ45;LEARJET;Bombardier Learjet 45;400
LJ55;LEARJET;Bombardier Learjet 55;8
LJ60;LEARJET;Bombardier Learjet 60;139
LJ70;LEARJET;Learjet 70;149
LJ75;LEARJET;Learjet 75;149
LNC4;LANCAIR;Lancair IV;2
LNP4;LANCAIR;Lancair PropJet IV;149
M20P;MOONEY;Mooney M-20C Ranger;275
M20T;MOONEY;Mooney M20K Encore/M20M Bravo;149
M5;MAULE;Maule M-5;222
MD11;BOEING-MCDONNELL DOUGLAS;Boeing (Douglas) MD 11;5
MD81;BOEING-MCDONNELL DOUGLAS;Boeing (Douglas) MD 81;182
MD82;BOEING-MCDONNELL DOUGLAS;Boeing (Douglas) MD 82;149
MD83;BOEING-MCDONNELL DOUGLAS;Boeing (Douglas) MD 83;2
MD87;BOEING-MCDONNELL DOUGLAS;Boeing (Douglas) MD 87;275
MD88;BOEING-MCDONNELL DOUGLAS;Boeing (Douglas) MD 88;178
MD90;BOEING-MCDONNELL DOUGLAS;Boeing (Douglas) MD 90;128
MU2;MITSUBISHI;Mitsubishi Marquise/Solitaire;300
MU30;MITSUBISHI;Mitsubishi Diamond/MU300 Diamond;2
NAVI;NORTH AMERICAN-RYAN;North American Navion;2
P180;PIAGGIO;Piaggio P-180 Avanti;269
P210;RILEY-CESSNA;Riley Super P210;5
P28A;PIPER;Piper Cherokee;149
P28B;PIPER;Piper Turbo Dakota;178
P28R;PIPER;Cherokee Arrow;178
P28T;PIPER;Piper 28T Arrow 4;255
P3;LOCKHEED;Lockheed P-3 Orion;11
P32R;PIPER;Piper PA-32R Lance/ Saratoga SP;2
P32T;PIPER;Piper 32T Turbo Lance 2;178
P46T;PIPER;Piper Malibu Meridian;80
P51;NORTH AMERICAN;North American Mustang;178
P68;VULCAN- PARTEVANIA;Vulcan Air P68;379
P750;PACIFIC AEROSPACE;Pacific Aerospace P-750 Xstol;95
P8;BOEING;Boeing P-8 Poseidon;7
PA11;PIPER;Piper PA-11 Cub Special;9
PA12;PIPER;Piper 12 Supercruiser;189
PA16;PIPER;Piper PA-16 Clipper;199
PA18;PIPER;Piper 18 Super Cub;12
PA20;PIPER;Piper PA-20 Pacer;379
PA22;PIPER;Piper 22 Tri-Pacer;379
PA23;PIPER;Piper PA-23-150/160 Apache;330
PA24;PIPER;Piper PA-24 Comanche;149
PA25;PIPER;Piper PA-25 Pawnee;20
PA27;PIPER;Piper Aztec;379
PA30;PIPER;Piper PA-30 Turbo Twin Comanche/Turbo Twin Comanche;145
PA31;PIPER;Piper Navajo PA-31;2
PA32;PIPER;Piper Cherokee Six;292
PA34;PIPER;Piper PA-34 Seneca;149
PA36;PIPER;Piper PA-36 Pawnee Brave;149
PA38;PIPER;Piper Tomahawk PA38;182
PA44;PIPER;Piper Seminole;140
PA46;PIPER;Piper Malibu;149
PAT4;PIPER;Piper PA-31T3-500 T-1040;182
PAY1;PIPER;Piper Cheyenne 1;8
PAY2;PIPER;Piper Cheyenne 2;6
PAY3;PIPER;Piper PA-42-720 Cheyenne 3;147
PAY4;PIPER;Piper Cheyenne 400;142
PC12;PILATUS;Pilatus PC-12;330
PC24;PILATUS;Pilatus PC-24;400
PRM1;RAYTHEON- HAWKER BEECHCRAFT;Raytheon Premier 1/390 Premier 1;178
R721;BOEING;Boeing 727-100RE Super 27;149
R722;BOEING;Boeing 727-200RE Super 27;255
RJ1H;AVRO;Avro RJ-100 Avroliner;22
RJ85;AVRO;Avro RJ-85 Avroliner;2
RV12;VAN'S ;Van's RV-12;142
S108;STINSON;Stinson 108 Voyager;7
S22T;CIRRUS;Cirrus SR-22 Turbo;178
SB20;SAAB;Saab 2000;275
SBR1;NORTH AMERICAN ROCKWELL;North American Rockwell Sabre 40/60;14
SBR2;NORTH AMERICAN ROCKWELL;North American Rockwell Sabre 75;200
SC7;SHORT;Short Skyvan SC7;149
SF34;SAAB;Saab SF 340;149
SF50;CIRRUS;Cirrus Vision SF50;4
SH33;SHORT;Shorts 330;2
SH36;SHORT;Shorts 360;377
SR20;CIRRUS;Cirrus SR-20;182
SR22;CIRRUS;Cirrus SR 22;149
SU95;SUKHOI;SUKHOI Superjet 100-95;4
SW3;FAIRCHILD SWEARINGEN;Fairchild Swearingen SA-226T/TB Merlin 3;8
SW4;FAIRCHILD SWEARINGEN;Swearingen SA-227AT Merlin 4;149
T210;CESSNA;Cessna T210 Turbo Centurion;10
T28;NORTH AMERICAN;North American T-28 Trojan;149
T34P;BEECH;Beech T-34/45 Mentor;255
T38;NORTHROP;Northrop T-38 Talon;2
T6;NORTH AMERICAN;North American T-6 Texan;142
TAYB;TAYLORCRAFT;Taylorcraft BC;55
TB20;SOCATA;Socata TB-20 Trinidad;149
TBM7;SOCATA;Socata TBM-700/700A;178
TBM8;SOCATA;Socata TBM-850;172
TBM9;SOCATA;Socata TBM-900;100
TEX2;RAYTHEON;Raytheon Texan 2;172
TOBA;SOCATA;Socata TB-10 Tobago;191
V22;BELL-BOEING;Bell V-22 Osprey;149
WW24;IAI;IAI 1124 Westwind;400